{
  "KNeighborsRegressor": {
    "KFold": {
      "mae": 0.41781066312211307,
      "mede": 0.6825082491551676,
      "r_squared": 0.8952937916293007,
      "rmse": 1.1272109009450215
    },
    "LeaveOneGroupOut": {
      "mae": 1.9305541881411576,
      "mede": 3.099099483034667,
      "r_squared": 0.4104708121948441,
      "rmse": 2.5432108093658905
    },
    "Random": {
      "mae": 0.3861832603654974,
      "mede": 0.6304946032900354,
      "r_squared": 0.9004303039499484,
      "rmse": 1.0755157780307836
    }
  },
  "LinearRegression": {
    "KFold": {
      "mae": 2.3283873835651416,
      "mede": 3.8585762036322064,
      "r_squared": 0.5187107204157329,
      "rmse": 2.9305347351182327
    },
    "LeaveOneGroupOut": {
      "mae": 2.5266050823967654,
      "mede": 4.185366466925938,
      "r_squared": 0.4258411656404266,
      "rmse": 3.2009888210044637
    },
    "Random": {
      "mae": 2.3252609277180514,
      "mede": 3.8409523658030325,
      "r_squared": 0.5213181971660866,
      "rmse": 2.906751745892403
    }
  },
  "RandomForestRegressor": {
    "KFold": {
      "mae": 0.40776126329756657,
      "mede": 0.6430424630795614,
      "r_squared": 0.946930584792729,
      "rmse": 0.7627874668109158
    },
    "LeaveOneGroupOut": {
      "mae": 1.577947698589742,
      "mede": 2.473092648790002,
      "r_squared": 0.5923794269881753,
      "rmse": 1.9862664942555348
    },
    "Random": {
      "mae": 0.38713417269167344,
      "mede": 0.6108103190818207,
      "r_squared": 0.9492895278275505,
      "rmse": 0.7557419941740107
    }
  },
  "XGBRegressor": {
    "KFold": {
      "mae": 0.568613608118598,
      "mede": 0.919724645624943,
      "r_squared": 0.9336703323756461,
      "rmse": 0.8482461067230356
    },
    "LeaveOneGroupOut": {
      "mae": 1.5171594474843173,
      "mede": 2.418174441954075,
      "r_squared": 0.6266284946308807,
      "rmse": 1.937712172177965
    },
    "Random": {
      "mae": 0.5741883515881046,
      "mede": 0.9323775023258906,
      "r_squared": 0.9333734975202915,
      "rmse": 0.8759147984627618
    }
  }
}
