{
  "KNeighborsRegressor": {
    "KFold": {
      "mae": 0.893624702240287,
      "mede": 1.7872493118518453,
      "r_squared": -2.3058430135087e+16,
      "rmse": 1.4974023380324883
    },
    "LeaveOneGroupOut": {
      "mae": 1.2834125220745263,
      "mede": 2.5668249487816226,
      "r_squared": -2.3058430135087e+16,
      "rmse": 1.806783111750712
    },
    "Random": {
      "mae": 0.8625287967197816,
      "mede": 1.7250575014240996,
      "r_squared": 0.4552700974220557,
      "rmse": 1.3699733876641478
    }
  },
  "LinearRegression": {
    "KFold": {
      "mae": 1.805116765309984,
      "mede": 3.6102334352525403,
      "r_squared": -2.3058430135087e+16,
      "rmse": 2.2970876424061606
    },
    "LeaveOneGroupOut": {
      "mae": 1.9233655394551468,
      "mede": 3.846730983542891,
      "r_squared": -2.3058430135087e+16,
      "rmse": 2.4156209980456422
    },
    "Random": {
      "mae": 1.852528911479795,
      "mede": 3.7050577275921657,
      "r_squared": 0.3691034499179189,
      "rmse": 2.343566323459838
    }
  },
  "RandomForestRegressor": {
    "KFold": {
      "mae": 0.5716697815251237,
      "mede": 1.143339468624713,
      "r_squared": -2.3058430135087e+16,
      "rmse": 1.0160428192682869
    },
    "LeaveOneGroupOut": {
      "mae": 1.1997263511629548,
      "mede": 2.399452606958483,
      "r_squared": -2.3058430135087e+16,
      "rmse": 1.6158188503237108
    },
    "Random": {
      "mae": 0.5476515686271171,
      "mede": 1.095303041886824,
      "r_squared": 0.48224094968138176,
      "rmse": 0.8632230580041752
    }
  },
  "XGBRegressor": {
    "KFold": {
      "mae": 0.6140481351985835,
      "mede": 1.2280959366115776,
      "r_squared": -2.8246576877899664e+17,
      "rmse": 1.0234806791906927
    },
    "LeaveOneGroupOut": {
      "mae": 1.2422556382071386,
      "mede": 2.48451094262835,
      "r_squared": -2.8246576877899664e+17,
      "rmse": 1.6703150323766418
    },
    "Random": {
      "mae": 0.6523054431868021,
      "mede": 1.3046105525877896,
      "r_squared": 0.47534276046542906,
      "rmse": 1.0171510177132477
    }
  }
}
