{
  "LinearRegression": {
    "KFold": {
      "euclidean": 107.93232529109214,
      "mae": 68.41757626954379,
      "mpe": 0.2998586082662704,
      "r_squared": 0.2676222380443389,
      "rmse": 86.8663225146492
    }
  },
  "RandomForestRegressor": {
    "KFold": {
      "euclidean": 13.699434918507432,
      "mae": 9.23480618569557,
      "mpe": 0.06298602697648524,
      "r_squared": 0.9679113432436786,
      "rmse": 18.0146544897418
    }
  },
  "XGBRegressor": {
    "KFold": {
      "euclidean": 26.38504871213759,
      "mae": 17.356981519397984,
      "mpe": 0.11457612403149976,
      "r_squared": 0.9382827086265315,
      "rmse": 24.98269217353583
    }
  }
}
