{
  "LinearRegression": {
    "KFold": {
      "euclidean": 107.93684548012912,
      "mae": 68.42146135374217,
      "mpe": 0.2998845883346768,
      "r_squared": 0.2676258268830488,
      "rmse": 86.86612426888047
    }
  },
  "XGBRegressor": {
    "KFold": {
      "euclidean": 26.47244934100776,
      "mae": 17.40717875178722,
      "mpe": 0.11489494996546668,
      "r_squared": 0.9377429751589585,
      "rmse": 25.074138784650614
    }
  }
}
