{
  "KNeighborsRegressor": {
    "KFold": {
      "euclidean": 77.69755745000528,
      "mae": 49.9611145703344,
      "r_squared": 0.5289769285639274,
      "rmse": 69.15190636615705
    }
  },
  "LinearRegression": {
    "KFold": {
      "euclidean": 107.9311896390157,
      "mae": 68.41674035154672,
      "r_squared": 0.26760388623408343,
      "rmse": 86.8672983317635
    }
  },
  "RandomForestRegressor": {
    "KFold": {
      "euclidean": 13.699482077794402,
      "mae": 9.234839644751107,
      "r_squared": 0.9679117100080372,
      "rmse": 18.014539146114398
    }
  },
  "XGBRegressor": {
    "KFold": {
      "euclidean": 26.38504871213759,
      "mae": 17.356981519397984,
      "r_squared": 0.9382827086265315,
      "rmse": 24.98269217353583
    }
  }
}
