{
  "euclidean": {
    "iqr": 0.49399907762379636,
    "max": 4.389790735711536,
    "mean": 3.444879529377296,
    "median": 3.4388114470930655,
    "min": 2.630224591634344,
    "std": 0.3943517161117755
  },
  "mae": {
    "iqr": 0.2469995388118984,
    "max": 2.194895367855768,
    "mean": 1.7224397646886485,
    "median": 1.719405723546533,
    "min": 1.3151122958171721,
    "std": 0.19717585805588772
  },
  "r_squared": {
    "iqr": 0.02614092557163361,
    "max": 0.4215468942751672,
    "mean": 0.38115471046849614,
    "median": 0.38761186969592115,
    "min": 0.29985408253769874,
    "std": 0.02931859768303759
  },
  "rmse": {
    "iqr": 0.34831193336468225,
    "max": 2.602567163427488,
    "mean": 2.1524532054512484,
    "median": 2.14046489284707,
    "min": 1.625737457794717,
    "std": 0.25812679201477323
  }
}
