{
  "euclidean": {
    "iqr": 0.0,
    "max": 3.157232516794888,
    "mean": 3.157232516794888,
    "median": 3.157232516794888,
    "min": 3.157232516794888,
    "std": 0.0
  },
  "mae": {
    "iqr": 0.0,
    "max": 1.5786162583974441,
    "mean": 1.5786162583974441,
    "median": 1.5786162583974441,
    "min": 1.5786162583974441,
    "std": 0.0
  },
  "r_squared": {
    "iqr": 0.0,
    "max": 0.39301660931553917,
    "mean": 0.39301660931553917,
    "median": 0.39301660931553917,
    "min": 0.39301660931553917,
    "std": 0.0
  },
  "rmse": {
    "iqr": 0.0,
    "max": 1.990472093090014,
    "mean": 1.990472093090014,
    "median": 1.990472093090014,
    "min": 1.990472093090014,
    "std": 0.0
  }
}
