{
  "euclidean": {
    "iqr": 0.0710197317759107,
    "max": 0.890009021562395,
    "mean": 0.7706658246273939,
    "median": 0.7592005189149142,
    "min": 0.6621641639525887,
    "std": 0.059181523913333874
  },
  "mae": {
    "iqr": 0.03550986588795474,
    "max": 0.44500455846489984,
    "mean": 0.3853329599973967,
    "median": 0.3796003071411611,
    "min": 0.3310821296599916,
    "std": 0.02959076195666725
  },
  "r_squared": {
    "iqr": 0.0014949074243104654,
    "max": 0.4947039685420119,
    "mean": 0.4926308980455608,
    "median": 0.49286182818146207,
    "min": 0.48987522568644765,
    "std": 0.0012268090526973221
  },
  "rmse": {
    "iqr": 0.06890987965203554,
    "max": 0.6326386455588986,
    "mean": 0.5458434860625823,
    "median": 0.535351655480607,
    "min": 0.46537453673766377,
    "std": 0.044606535098385615
  }
}
