{
  "euclidean": {
    "iqr": 1.777517573437346,
    "max": 10.089460323620422,
    "mean": 3.8030916968186994,
    "median": 3.4908711392793474,
    "min": 1.2994808759597491,
    "std": 1.6303265652812005
  },
  "mae": {
    "iqr": 1.110424251314499,
    "max": 5.984045300652024,
    "mean": 2.2997295496190677,
    "median": 2.0952276461166837,
    "min": 0.7962225054083979,
    "std": 0.9389087269967443
  },
  "r_squared": {
    "iqr": 3.7846539048949024e+30,
    "max": 0.0,
    "mean": -5.716339987659871e+30,
    "median": -1.400695107141796e+30,
    "min": -2.0676632647421147e+32,
    "std": 1.9775963159990861e+31
  },
  "rmse": {
    "iqr": 1.067201363382915,
    "max": 6.17551797531074,
    "mean": 2.628558799862079,
    "median": 2.4769201568001162,
    "min": 1.1213808619352699,
    "std": 0.9322001928891137
  }
}
