{
  "euclidean": {
    "iqr": 0.08430612244897828,
    "max": 0.6658775510204102,
    "mean": 0.40455967346938726,
    "median": 0.3913469387755073,
    "min": 0.27552000000000143,
    "std": 0.089392095989426
  },
  "mae": {
    "iqr": 0.04215306122448928,
    "max": 0.33293877551021067,
    "mean": 0.2022798367346991,
    "median": 0.19567346938775915,
    "min": 0.13776000000000627,
    "std": 0.04469604799471302
  },
  "r_squared": {
    "iqr": 0.4975551481756497,
    "max": -310.00844760722975,
    "mean": -311.2782201376132,
    "median": -311.5018819799958,
    "min": -311.50646397761193,
    "std": 0.40149304858265294
  },
  "rmse": {
    "iqr": 0.08006363287267687,
    "max": 0.6256632073085315,
    "mean": 0.34393993608505075,
    "median": 0.31795939484225166,
    "min": 0.21099535539912337,
    "std": 0.1100738477461905
  }
}
