{
  "euclidean": {
    "iqr": 0.10805631733769105,
    "max": 0.8826003913116285,
    "mean": 0.7237176657170326,
    "median": 0.732113091214565,
    "min": 0.5379855801114665,
    "std": 0.08599418116199183
  },
  "mae": {
    "iqr": 0.06756941826862684,
    "max": 0.5355555555555557,
    "mean": 0.44116748335218003,
    "median": 0.4421016040541108,
    "min": 0.3337203166226914,
    "std": 0.05098954304860304
  },
  "r_squared": {
    "iqr": 0.016372833015106614,
    "max": 0.9340468751942604,
    "mean": 0.9134423210630696,
    "median": 0.9134537166514733,
    "min": 0.8877469097179631,
    "std": 0.01242205566575794
  },
  "rmse": {
    "iqr": 0.1817765334136312,
    "max": 1.250662322345709,
    "mean": 1.0839501706778187,
    "median": 1.1084394184717883,
    "min": 0.8296357394077469,
    "std": 0.11716154584899306
  }
}
