{
  "euclidean": {
    "iqr": 0.022325178510137045,
    "max": 0.3137680417840348,
    "mean": 0.24350744683472722,
    "median": 0.2376224521471162,
    "min": 0.2192231876769685,
    "std": 0.021832195857677008
  },
  "mae": {
    "iqr": 0.01396373205013135,
    "max": 0.18566693862481437,
    "mean": 0.14611973489292504,
    "median": 0.14314262726927407,
    "min": 0.13127385478881803,
    "std": 0.012787144652429755
  },
  "r_squared": {
    "iqr": 0.0014624400234313217,
    "max": 0.9945545363604117,
    "mean": 0.9920393394617048,
    "median": 0.9922035554513938,
    "min": 0.9900286823955888,
    "std": 0.0010991690245534945
  },
  "rmse": {
    "iqr": 0.027667814512762068,
    "max": 0.3807824793629099,
    "mean": 0.2800707784146634,
    "median": 0.27581096452754034,
    "min": 0.23119509445112135,
    "std": 0.03218600458452721
  }
}
