{
  "euclidean": {
    "iqr": 0.020128473879592823,
    "max": 0.3316223365787793,
    "mean": 0.3097054005325765,
    "median": 0.31267915738371777,
    "min": 0.2850765373298741,
    "std": 0.012935651067237859
  },
  "mae": {
    "iqr": 0.011167965699660665,
    "max": 0.20703987319154232,
    "mean": 0.19282510447875695,
    "median": 0.19463392411050373,
    "min": 0.17672867957599925,
    "std": 0.007900186762760105
  },
  "r_squared": {
    "iqr": 0.0005291561437397174,
    "max": 0.9941008156968096,
    "mean": 0.9928970747324033,
    "median": 0.9928539385998965,
    "min": 0.9917359115608908,
    "std": 0.0006010528843681282
  },
  "rmse": {
    "iqr": 0.017645060017778325,
    "max": 0.29295775344799535,
    "mean": 0.26922948021496607,
    "median": 0.2708651225282349,
    "min": 0.2493843395614273,
    "std": 0.011967361582444169
  }
}
