{
  "euclidean": {
    "iqr": 0.0843061224489785,
    "max": 0.6658775510204105,
    "mean": 0.40455967346938726,
    "median": 0.3913469387755074,
    "min": 0.27552000000000093,
    "std": 0.08939209598942605
  },
  "mae": {
    "iqr": 0.04215306122448939,
    "max": 0.33293877551021067,
    "mean": 0.20227983673469904,
    "median": 0.19567346938775926,
    "min": 0.13776000000000602,
    "std": 0.04469604799471302
  },
  "r_squared": {
    "iqr": 0.0013787620445100401,
    "max": -311.5010415658497,
    "mean": -311.50322013761314,
    "median": -311.50274327534396,
    "min": -311.50844760722975,
    "std": 0.0019557280972754645
  },
  "rmse": {
    "iqr": 0.08006363287267682,
    "max": 0.6256632073085319,
    "mean": 0.3439399360850508,
    "median": 0.31795939484225183,
    "min": 0.21099535539912323,
    "std": 0.11007384774619054
  }
}
