{
  "euclidean": {
    "iqr": 0.0,
    "max": 0.015680494005877496,
    "mean": 0.015680494005877496,
    "median": 0.015680494005877496,
    "min": 0.015680494005877496,
    "std": 0.0
  },
  "mae": {
    "iqr": 0.0,
    "max": 0.00784029468591444,
    "mean": 0.00784029468591444,
    "median": 0.00784029468591444,
    "min": 0.00784029468591444,
    "std": 0.0
  },
  "r_squared": {
    "iqr": 0.0,
    "max": 0.4999963917235176,
    "mean": 0.4999963917235176,
    "median": 0.4999963917235176,
    "min": 0.4999963917235176,
    "std": 0.0
  },
  "rmse": {
    "iqr": 0.0,
    "max": 0.011559781076080125,
    "mean": 0.011559781076080125,
    "median": 0.011559781076080125,
    "min": 0.011559781076080125,
    "std": 0.0
  }
}
