{
  "euclidean": {
    "iqr": 0.0035105435511730548,
    "max": 0.022373458845321346,
    "mean": 0.01656811614049518,
    "median": 0.016158570930872355,
    "min": 0.01236418119269343,
    "std": 0.002613325951211011
  },
  "mae": {
    "iqr": 0.001755271775395994,
    "max": 0.011186777105630949,
    "mean": 0.008284105753158808,
    "median": 0.008079333148174436,
    "min": 0.006182138279688605,
    "std": 0.0013066629756043815
  },
  "r_squared": {
    "iqr": 0.0,
    "max": -2.3058430135086612e+16,
    "mean": -2.305843013508661e+16,
    "median": -2.3058430135086612e+16,
    "min": -2.3058430135086612e+16,
    "std": 4.0
  },
  "rmse": {
    "iqr": 0.0026992287391004836,
    "max": 0.01526505588891571,
    "mean": 0.011614123245901223,
    "median": 0.011622643818414923,
    "min": 0.008625836005146496,
    "std": 0.0019489006635436464
  }
}
