{
  "euclidean": {
    "iqr": 0.16961269494187015,
    "max": 4.21912882744316,
    "mean": 3.844128154591089,
    "median": 3.829325183118014,
    "min": 3.613683291855185,
    "std": 0.15607760611192267
  },
  "mae": {
    "iqr": 0.1061785128292363,
    "max": 2.5395299209504194,
    "mean": 2.320041387285083,
    "median": 2.31180917104214,
    "min": 2.1860309642478963,
    "std": 0.09061759619867955
  },
  "r_squared": {
    "iqr": 0.026171584187667962,
    "max": 0.5586142033798733,
    "mean": 0.5218175513933057,
    "median": 0.520174117368171,
    "min": 0.4873421091045843,
    "std": 0.019823826603951537
  },
  "rmse": {
    "iqr": 0.13167044528415506,
    "max": 3.153019292046336,
    "mean": 2.91444970187446,
    "median": 2.9038110107518813,
    "min": 2.736972072174459,
    "std": 0.11252461334291876
  }
}
