{
  "euclidean": {
    "iqr": 0.0,
    "max": 3.8400777484284148,
    "mean": 3.8400777484284148,
    "median": 3.8400777484284148,
    "min": 3.8400777484284148,
    "std": 0.0
  },
  "mae": {
    "iqr": 0.0,
    "max": 2.319162093678631,
    "mean": 2.319162093678631,
    "median": 2.319162093678631,
    "min": 2.319162093678631,
    "std": 0.0
  },
  "r_squared": {
    "iqr": 0.0,
    "max": 0.5096801416926141,
    "mean": 0.5096801416926141,
    "median": 0.5096801416926141,
    "min": 0.5096801416926141,
    "std": 0.0
  },
  "rmse": {
    "iqr": 0.0,
    "max": 2.9098759595837325,
    "mean": 2.9098759595837325,
    "median": 2.9098759595837325,
    "min": 2.9098759595837325,
    "std": 0.0
  }
}
