{
  "euclidean": {
    "iqr": 0.02428492770456947,
    "max": 0.31921368367431685,
    "mean": 0.25106440113453987,
    "median": 0.2442770282705253,
    "min": 0.22606654613170185,
    "std": 0.021361247304050198
  },
  "mae": {
    "iqr": 0.015595154332621208,
    "max": 0.19014775725593797,
    "mean": 0.15030678686602278,
    "median": 0.146319261213721,
    "min": 0.13500000000000098,
    "std": 0.012917654826560368
  },
  "r_squared": {
    "iqr": 0.001710111306438944,
    "max": 0.9940095097036707,
    "mean": 0.9915136710341061,
    "median": 0.9918126192097455,
    "min": 0.9892784270746174,
    "std": 0.0012197210987347463
  },
  "rmse": {
    "iqr": 0.022748296036196214,
    "max": 0.38861777897685557,
    "mean": 0.2870351830603788,
    "median": 0.28402912149020654,
    "min": 0.23661481257016298,
    "std": 0.03166793989289851
  }
}
