{
  "euclidean": {
    "iqr": 0.0,
    "max": 1.4994075641325757,
    "mean": 1.4994075641325757,
    "median": 1.4994075641325757,
    "min": 1.4994075641325757,
    "std": 0.0
  },
  "mae": {
    "iqr": 0.0,
    "max": 0.9405131794364734,
    "mean": 0.9405131794364734,
    "median": 0.9405131794364734,
    "min": 0.9405131794364734,
    "std": 0.0
  },
  "r_squared": {
    "iqr": 0.0,
    "max": 0.798313457115464,
    "mean": 0.798313457115464,
    "median": 0.798313457115464,
    "min": 0.798313457115464,
    "std": 0.0
  },
  "rmse": {
    "iqr": 0.0,
    "max": 1.258357020478413,
    "mean": 1.258357020478413,
    "median": 1.258357020478413,
    "min": 1.258357020478413,
    "std": 0.0
  }
}
