{
  "euclidean": {
    "iqr": 1.4759530926769022,
    "max": 5.605631316664333,
    "mean": 3.440127371173496,
    "median": 3.2899443113690214,
    "min": 1.8307745340516246,
    "std": 0.9888420128524148
  },
  "mae": {
    "iqr": 0.7379765463384511,
    "max": 2.8028156583321664,
    "mean": 1.720063685586748,
    "median": 1.6449721556845112,
    "min": 0.9153872670258125,
    "std": 0.49442100642620734
  },
  "r_squared": {
    "iqr": 2.449146712964117e+30,
    "max": 0.375,
    "mean": -2.1606222981929267e+31,
    "median": -9.25413317226993e+28,
    "min": -3.7871644588910645e+32,
    "std": 7.428993122240708e+31
  },
  "rmse": {
    "iqr": 0.7499308380351106,
    "max": 3.2251437360651067,
    "mean": 2.1018829556887253,
    "median": 2.0655024758732985,
    "min": 1.2668727946546916,
    "std": 0.5344949748524201
  }
}
