{
  "euclidean": {
    "iqr": 0.4939990776237977,
    "max": 4.389790735711538,
    "mean": 3.4448795293772947,
    "median": 3.4388114470930646,
    "min": 2.630224591634343,
    "std": 0.394351716111776
  },
  "mae": {
    "iqr": 0.24699953881189907,
    "max": 2.1948953678557697,
    "mean": 1.7224397646886476,
    "median": 1.7194057235465325,
    "min": 1.3151122958171717,
    "std": 0.19717585805588803
  },
  "r_squared": {
    "iqr": 0.02614092557163361,
    "max": 0.42154689427516734,
    "mean": 0.38115471046849614,
    "median": 0.3876118696959212,
    "min": 0.29985408253769885,
    "std": 0.029318597683037614
  },
  "rmse": {
    "iqr": 0.34831193336468136,
    "max": 2.60256716342749,
    "mean": 2.1524532054512475,
    "median": 2.1404648928470706,
    "min": 1.6257374577947155,
    "std": 0.25812679201477345
  }
}
