{
  "euclidean": {
    "iqr": 0.022304565173408175,
    "max": 1.515812758513108,
    "mean": 1.4834062196690172,
    "median": 1.4842614591483165,
    "min": 1.4526245644885913,
    "std": 0.015041140229835855
  },
  "mae": {
    "iqr": 0.010592748212932435,
    "max": 0.9502069118864858,
    "mean": 0.9270655932342603,
    "median": 0.9240925970130135,
    "min": 0.9093123441472304,
    "std": 0.00933662354055564
  },
  "r_squared": {
    "iqr": 0.009504689680484235,
    "max": 0.8188927636178117,
    "mean": 0.805595938663741,
    "median": 0.8044005827820213,
    "min": 0.7924986609805481,
    "std": 0.007095115780558398
  },
  "rmse": {
    "iqr": 0.020574320464498363,
    "max": 1.269639285924889,
    "mean": 1.2465925227052188,
    "median": 1.2468919073304083,
    "min": 1.2157626890701936,
    "std": 0.013635449907624513
  }
}
