{
  "euclidean": {
    "iqr": 0.0,
    "max": 0.23738431158997766,
    "mean": 0.23738431158997766,
    "median": 0.23738431158997766,
    "min": 0.23738431158997766,
    "std": 0.0
  },
  "mae": {
    "iqr": 0.0,
    "max": 0.1426264879535724,
    "mean": 0.1426264879535724,
    "median": 0.1426264879535724,
    "min": 0.1426264879535724,
    "std": 0.0
  },
  "r_squared": {
    "iqr": 0.0,
    "max": 0.9922309894235968,
    "mean": 0.9922309894235968,
    "median": 0.9922309894235968,
    "min": 0.9922309894235968,
    "std": 0.0
  },
  "rmse": {
    "iqr": 0.0,
    "max": 0.2821311193430993,
    "mean": 0.2821311193430993,
    "median": 0.2821311193430993,
    "min": 0.2821311193430993,
    "std": 0.0
  }
}
