{
  "euclidean": {
    "iqr": 0.1601730011555198,
    "max": 1.040634242369227,
    "mean": 0.7875839251555101,
    "median": 0.7403568078365277,
    "min": 0.5998566831861641,
    "std": 0.1299052171647463
  },
  "mae": {
    "iqr": 0.08008650057778077,
    "max": 0.5203171688683177,
    "mean": 0.39379201026145283,
    "median": 0.37017845160194796,
    "min": 0.29992838927677695,
    "std": 0.0649526085823748
  },
  "r_squared": {
    "iqr": 0.0,
    "max": -2.3058430135086612e+16,
    "mean": -2.305843013508661e+16,
    "median": -2.3058430135086612e+16,
    "min": -2.3058430135086612e+16,
    "std": 4.0
  },
  "rmse": {
    "iqr": 0.10393140734358969,
    "max": 0.7310374914901755,
    "mean": 0.5508375877117482,
    "median": 0.5171789927180684,
    "min": 0.4243504483168948,
    "std": 0.09293425992397933
  }
}
