{
  "euclidean": {
    "iqr": 0.22512031852463132,
    "max": 1.3150837925327628,
    "mean": 0.28452166260275275,
    "median": 0.22406753502606858,
    "min": 0.040412920906725915,
    "std": 0.21206607570109123
  },
  "mae": {
    "iqr": 0.14509814447847935,
    "max": 0.776400000000007,
    "mean": 0.17123842340551165,
    "median": 0.1358307692307748,
    "min": 0.022235294117656415,
    "std": 0.12944686854340162
  },
  "r_squared": {
    "iqr": 5.476411338781686e+28,
    "max": 0.0,
    "mean": -8.362089187532704e+28,
    "median": -1.2355016043723282e+28,
    "min": -2.451893847443353e+30,
    "std": 2.645847683782076e+29
  },
  "rmse": {
    "iqr": 0.18398328101081077,
    "max": 1.0020913319528144,
    "mean": 0.26216470765560046,
    "median": 0.221428049016579,
    "min": 0.0500062771951964,
    "std": 0.16277806931467648
  }
}
