{
  "euclidean": {
    "iqr": 0.03875303461102242,
    "max": 0.782694721289882,
    "mean": 0.7185267094509757,
    "median": 0.7156289867236524,
    "min": 0.6646410813538984,
    "std": 0.02924921197952709
  },
  "mae": {
    "iqr": 0.024712871287128735,
    "max": 0.47675247524752484,
    "mean": 0.43769900990099025,
    "median": 0.43639603960396045,
    "min": 0.4071287128712872,
    "std": 0.01752408747409757
  },
  "r_squared": {
    "iqr": 0.006887651622729418,
    "max": 0.9230496659266223,
    "mean": 0.9141814544802621,
    "median": 0.9136758965191945,
    "min": 0.9014933561021929,
    "std": 0.005337386383524736
  },
  "rmse": {
    "iqr": 0.05599887882891075,
    "max": 1.1453217444792902,
    "mean": 1.081324034025937,
    "median": 1.0739730865998829,
    "min": 1.017442952199196,
    "std": 0.03693761250986672
  }
}
