{
  "euclidean": {
    "iqr": 0.0,
    "max": 0.34652588832486897,
    "mean": 0.34652588832486897,
    "median": 0.34652588832486897,
    "min": 0.34652588832486897,
    "std": 0.0
  },
  "mae": {
    "iqr": 0.0,
    "max": 0.1732629441624423,
    "mean": 0.1732629441624423,
    "median": 0.1732629441624423,
    "min": 0.1732629441624423,
    "std": 0.0
  },
  "r_squared": {
    "iqr": 0.0,
    "max": 0.49827428899257675,
    "mean": 0.49827428899257675,
    "median": 0.49827428899257675,
    "min": 0.49827428899257675,
    "std": 0.0
  },
  "rmse": {
    "iqr": 0.0,
    "max": 0.25280284005344983,
    "mean": 0.25280284005344983,
    "median": 0.25280284005344983,
    "min": 0.25280284005344983,
    "std": 0.0
  }
}
