{
  "euclidean": {
    "iqr": 0.11569406535713472,
    "max": 0.8680000000000007,
    "mean": 0.40150613833748855,
    "median": 0.39051428571428426,
    "min": 0.182769230769223,
    "std": 0.14803848654423576
  },
  "mae": {
    "iqr": 0.05784703267856717,
    "max": 0.4340000000000056,
    "mean": 0.20075306916874974,
    "median": 0.19525714285714763,
    "min": 0.09138461538461698,
    "std": 0.07401924327211783
  },
  "r_squared": {
    "iqr": 5.290334215090115e+28,
    "max": 0.0,
    "mean": -2.3703350655846314e+29,
    "median": -1.2945070022756493e+27,
    "min": -2.3936476587016472e+30,
    "std": 5.948829432015103e+29
  },
  "rmse": {
    "iqr": 0.1309140411245065,
    "max": 0.719196346358484,
    "mean": 0.33280493106154607,
    "median": 0.3205502610422965,
    "min": 0.12710023834846845,
    "std": 0.1316286673622821
  }
}
