{
  "euclidean": {
    "iqr": 0.04914213197969608,
    "max": 0.4633705583756336,
    "mean": 0.3856934010152277,
    "median": 0.37675126903553247,
    "min": 0.3324060913705589,
    "std": 0.03432488444682429
  },
  "mae": {
    "iqr": 0.024571065989847984,
    "max": 0.23168527918782228,
    "mean": 0.19284670050761935,
    "median": 0.18837563451777173,
    "min": 0.16620304568528482,
    "std": 0.017162442223412153
  },
  "r_squared": {
    "iqr": 0.0011294280474921092,
    "max": 0.4981869979357735,
    "mean": 0.49724831267535174,
    "median": 0.49752837896849744,
    "min": 0.4955011809868786,
    "std": 0.0007815145489367004
  },
  "rmse": {
    "iqr": 0.08737263207692103,
    "max": 0.4331705798747646,
    "mean": 0.3319776735178027,
    "median": 0.3171324919202514,
    "min": 0.2698822078080974,
    "std": 0.04905142770421985
  }
}
