{
  "euclidean": {
    "iqr": 0.37224489795918325,
    "max": 2.1795918367346934,
    "mean": 1.3851820408163265,
    "median": 1.3714285714285714,
    "min": 0.886530612244898,
    "std": 0.3261073000757299
  },
  "mae": {
    "iqr": 0.18612244897959163,
    "max": 1.0897959183673467,
    "mean": 0.6925910204081632,
    "median": 0.6857142857142857,
    "min": 0.443265306122449,
    "std": 0.16305365003786496
  },
  "r_squared": {
    "iqr": 0.019930883175561243,
    "max": 0.9889602153646022,
    "mean": 0.9633064484410954,
    "median": 0.9676406051575539,
    "min": 0.9197916890203712,
    "std": 0.017974284874368855
  },
  "rmse": {
    "iqr": 0.4215392459005909,
    "max": 1.7880419115756265,
    "mean": 1.1781016847800783,
    "median": 1.1953884699529675,
    "min": 0.6053637799888997,
    "std": 0.3216524869469487
  }
}
