{
  "euclidean": {
    "iqr": 0.11901608077953074,
    "max": 1.0328084141988543,
    "mean": 0.327163554777437,
    "median": 0.30239915014909624,
    "min": 0.14182927428870806,
    "std": 0.1233478839457184
  },
  "mae": {
    "iqr": 0.0782467629577294,
    "max": 0.6540254227320349,
    "mean": 0.20406443119703424,
    "median": 0.18733657378921686,
    "min": 0.08770177114848432,
    "std": 0.07748937358758816
  },
  "r_squared": {
    "iqr": 9.195263623870999e+28,
    "max": 0.0,
    "mean": -7.814411653871687e+28,
    "median": -2.215251309618166e+28,
    "min": -1.0078927974197072e+30,
    "std": 1.400533622776061e+29
  },
  "rmse": {
    "iqr": 0.10231241339830602,
    "max": 0.764546195248472,
    "mean": 0.268796759334855,
    "median": 0.24844685928261334,
    "min": 0.11484477376883506,
    "std": 0.09940412565538904
  }
}
