{
  "euclidean": {
    "iqr": 0.5864169293737658,
    "max": 3.841769718270486,
    "mean": 0.8032393243628008,
    "median": 0.6945700715137781,
    "min": 0.04119513386612043,
    "std": 0.5821376148739884
  },
  "mae": {
    "iqr": 0.3726690220463535,
    "max": 2.216,
    "mean": 0.48913497855946253,
    "median": 0.42708635996771593,
    "min": 0.026249999999999975,
    "std": 0.34648141501381846
  },
  "r_squared": {
    "iqr": 8.531266670261099e+29,
    "max": 0.0,
    "mean": -1.51368959476127e+30,
    "median": -2.4364190822378085e+29,
    "min": -9.39651585081816e+31,
    "std": 8.305274828553462e+30
  },
  "rmse": {
    "iqr": 0.6257518768483442,
    "max": 2.9105598348145634,
    "mean": 1.0133162163439458,
    "median": 0.9073323631982118,
    "min": 0.13395345661786548,
    "std": 0.46371088175436337
  }
}
