{
  "euclidean": {
    "iqr": 0.8472473867595818,
    "max": 3.9317647058823524,
    "mean": 1.7462669957046206,
    "median": 1.457344537815126,
    "min": 0.7705263157894737,
    "std": 0.7908213934188809
  },
  "mae": {
    "iqr": 0.4236236933797909,
    "max": 1.9658823529411762,
    "mean": 0.8731334978523103,
    "median": 0.728672268907563,
    "min": 0.38526315789473686,
    "std": 0.39541069670944046
  },
  "r_squared": {
    "iqr": 6.825030831628786e+29,
    "max": 0.5,
    "mean": -8.820584955581364e+30,
    "median": -4.238828583993933e+28,
    "min": -1.2871551197694349e+32,
    "std": 2.783015259709624e+31
  },
  "rmse": {
    "iqr": 0.6352535937885078,
    "max": 3.0218732016844823,
    "mean": 1.4026426787025732,
    "median": 1.2551166794312534,
    "min": 0.7387044135013109,
    "std": 0.6051643525491817
  }
}
