{
  "euclidean": {
    "iqr": 0.0,
    "max": 1.1281218274111673,
    "mean": 1.1281218274111673,
    "median": 1.1281218274111673,
    "min": 1.1281218274111673,
    "std": 0.0
  },
  "mae": {
    "iqr": 0.0,
    "max": 0.5640609137055836,
    "mean": 0.5640609137055836,
    "median": 0.5640609137055836,
    "min": 0.5640609137055836,
    "std": 0.0
  },
  "r_squared": {
    "iqr": 0.0,
    "max": 0.9760895358192372,
    "mean": 0.9760895358192372,
    "median": 0.9760895358192372,
    "min": 0.9760895358192372,
    "std": 0.0
  },
  "rmse": {
    "iqr": 0.0,
    "max": 0.941004970937959,
    "mean": 0.941004970937959,
    "median": 0.941004970937959,
    "min": 0.941004970937959,
    "std": 0.0
  }
}
