{
  "euclidean": {
    "iqr": 0.1696126949418697,
    "max": 4.219128827443157,
    "mean": 3.844128154591087,
    "median": 3.8293251831180117,
    "min": 3.6136832918551836,
    "std": 0.15607760611192276
  },
  "mae": {
    "iqr": 0.10617851282923674,
    "max": 2.5395299209504176,
    "mean": 2.3200413872850825,
    "median": 2.311809171042139,
    "min": 2.1860309642478954,
    "std": 0.09061759619867964
  },
  "r_squared": {
    "iqr": 0.026171584187667962,
    "max": 0.5586142033798733,
    "mean": 0.5218175513933057,
    "median": 0.5201741173681709,
    "min": 0.48734210910458425,
    "std": 0.01982382660395158
  },
  "rmse": {
    "iqr": 0.1316704452841546,
    "max": 3.153019292046335,
    "mean": 2.9144497018744597,
    "median": 2.9038110107518817,
    "min": 2.7369720721744586,
    "std": 0.11252461334291869
  }
}
