{
  "euclidean": {
    "iqr": 0.5057142857142858,
    "max": 2.591020408163265,
    "mean": 1.7454024489795916,
    "median": 1.6605551020408162,
    "min": 1.307755102040816,
    "std": 0.3435816102511753
  },
  "mae": {
    "iqr": 0.2528571428571429,
    "max": 1.2955102040816324,
    "mean": 0.8727012244897958,
    "median": 0.8302775510204081,
    "min": 0.653877551020408,
    "std": 0.17179080512558764
  },
  "r_squared": {
    "iqr": 0.026065273977455616,
    "max": 0.9729846989141164,
    "mean": 0.9419792573677634,
    "median": 0.9422688880729235,
    "min": 0.8728939744631279,
    "std": 0.022251147940784942
  },
  "rmse": {
    "iqr": 0.37014116972686106,
    "max": 2.230087396475386,
    "mean": 1.4967691201023339,
    "median": 1.4622201894503086,
    "min": 0.9923626723478607,
    "std": 0.3156983530012102
  }
}
