{
  "euclidean": {
    "iqr": 0.005870128153052207,
    "max": 0.027324594770708144,
    "mean": 0.016498167691286075,
    "median": 0.016807763918692688,
    "min": 0.007563699260608895,
    "std": 0.004809231404670747
  },
  "mae": {
    "iqr": 0.0029350640769967747,
    "max": 0.013662345068795368,
    "mean": 0.008249131528533534,
    "median": 0.008403929642268623,
    "min": 0.003781897312886065,
    "std": 0.0024046157026745467
  },
  "r_squared": {
    "iqr": 4.925669173274033e+25,
    "max": 0.0,
    "mean": -2.326670623981339e+26,
    "median": -2.712082255036805e+24,
    "min": -2.7030325285476714e+27,
    "std": 5.76383590136234e+26
  },
  "rmse": {
    "iqr": 0.004528987512981985,
    "max": 0.018375951667503308,
    "mean": 0.011270056884652558,
    "median": 0.011362435609340546,
    "min": 0.004614321442966555,
    "std": 0.00331456662951598
  }
}
