{
  "euclidean": {
    "iqr": 0.001262639642768697,
    "max": 0.01956195535874043,
    "mean": 0.01622178988751253,
    "median": 0.01637964763725427,
    "min": 0.013062492727144924,
    "std": 0.0013006769137550282
  },
  "mae": {
    "iqr": 0.0006313198213116749,
    "max": 0.009781025362444486,
    "mean": 0.008110942626655649,
    "median": 0.008189871501553415,
    "min": 0.006531294046187358,
    "std": 0.000650338456937668
  },
  "r_squared": {
    "iqr": 8.77528781750847e-07,
    "max": 0.49999775888242765,
    "mean": 0.49999677604585846,
    "median": 0.49999668490768734,
    "min": 0.49999557261864547,
    "std": 5.717470616963069e-07
  },
  "rmse": {
    "iqr": 0.0012539716973748258,
    "max": 0.013318788383445466,
    "mean": 0.011397907122117973,
    "median": 0.011449188661986028,
    "min": 0.009573302409077026,
    "std": 0.0008883273903360407
  }
}
