{
  "euclidean": {
    "iqr": 0.09169125258932054,
    "max": 1.6277958511970951,
    "mean": 1.494083824656514,
    "median": 1.4738462983512377,
    "min": 1.40776232619595,
    "std": 0.06344108317892701
  },
  "mae": {
    "iqr": 0.060652971966221436,
    "max": 1.0085284216894637,
    "mean": 0.9333463266892974,
    "median": 0.9239527994437551,
    "min": 0.8661705818441178,
    "std": 0.039515103517236624
  },
  "r_squared": {
    "iqr": 0.018729780306382282,
    "max": 0.8358807443678014,
    "mean": 0.8022533818602862,
    "median": 0.802699434237943,
    "min": 0.7803237880588731,
    "std": 0.01289950585426412
  },
  "rmse": {
    "iqr": 0.09170365835021732,
    "max": 1.4141163060435118,
    "mean": 1.2516076721492617,
    "median": 1.23942853040274,
    "min": 1.1552552275917258,
    "std": 0.06476319648770605
  }
}
