{
  "euclidean": {
    "iqr": 1.013357937983113,
    "max": 3.8529362031051857,
    "mean": 1.5552788765924073,
    "median": 1.4911704408526805,
    "min": 0.2717433114845765,
    "std": 0.6934593692114503
  },
  "mae": {
    "iqr": 0.6837549191191902,
    "max": 2.3285675887266795,
    "mean": 0.9745368343935946,
    "median": 0.9131293980812385,
    "min": 0.17538536555626782,
    "std": 0.4529815413225425
  },
  "r_squared": {
    "iqr": 9.630422617717335e+29,
    "max": 0.0,
    "mean": -1.2750952687767694e+30,
    "median": -2.9831445300028506e+29,
    "min": -3.8449935113878427e+31,
    "std": 3.9393598850290977e+30
  },
  "rmse": {
    "iqr": 0.6454185064055207,
    "max": 2.747616862066036,
    "mean": 1.133392299402243,
    "median": 1.0876688349121233,
    "min": 0.206430292459834,
    "std": 0.4934581923564168
  }
}
