{
  "euclidean": {
    "iqr": 0.0,
    "max": 0.3169565320945957,
    "mean": 0.3169565320945957,
    "median": 0.3169565320945957,
    "min": 0.3169565320945957,
    "std": 0.0
  },
  "mae": {
    "iqr": 0.0,
    "max": 0.19717229546014314,
    "mean": 0.19717229546014314,
    "median": 0.19717229546014314,
    "min": 0.19717229546014314,
    "std": 0.0
  },
  "r_squared": {
    "iqr": 0.0,
    "max": 0.9927973791471547,
    "mean": 0.9927973791471547,
    "median": 0.9927973791471547,
    "min": 0.9927973791471547,
    "std": 0.0
  },
  "rmse": {
    "iqr": 0.0,
    "max": 0.2777202602276966,
    "mean": 0.2777202602276966,
    "median": 0.2777202602276966,
    "min": 0.2777202602276966,
    "std": 0.0
  }
}
