{
  "euclidean": {
    "iqr": 0.2067472070730786,
    "max": 1.6709982430062649,
    "mean": 0.7835761952569265,
    "median": 0.7255121883324351,
    "min": 0.3999809335260044,
    "std": 0.26809500414550813
  },
  "mae": {
    "iqr": 0.10337360353654301,
    "max": 0.8354991691868466,
    "mean": 0.39178814531216066,
    "median": 0.36275614184992655,
    "min": 0.1999905144467075,
    "std": 0.13404750207276075
  },
  "r_squared": {
    "iqr": 1.4025792380916091e+29,
    "max": 0.0,
    "mean": -5.321633952347641e+29,
    "median": -5.41302637619015e+27,
    "min": -6.440349410005569e+30,
    "std": 1.4465920394009727e+30
  },
  "rmse": {
    "iqr": 0.17750381436080015,
    "max": 0.9253507594768252,
    "mean": 0.5352673475880313,
    "median": 0.513782186544268,
    "min": 0.2936578278771889,
    "std": 0.14878894994008998
  }
}
