{
  "euclidean": {
    "iqr": 0.009207484119405862,
    "max": 0.32249422287850205,
    "mean": 0.31017401185121063,
    "median": 0.3102594654640049,
    "min": 0.29536032856055705,
    "std": 0.006477638046673865
  },
  "mae": {
    "iqr": 0.004305769147171956,
    "max": 0.2018048379825284,
    "mean": 0.19293905190980387,
    "median": 0.19248205080025188,
    "min": 0.18424743088933931,
    "std": 0.004064551074596636
  },
  "r_squared": {
    "iqr": 0.0003828037201359935,
    "max": 0.9936200596111393,
    "mean": 0.9929157920319571,
    "median": 0.9929324252347917,
    "min": 0.9916345611537418,
    "std": 0.00041777791825789716
  },
  "rmse": {
    "iqr": 0.008348055790982689,
    "max": 0.2853765335394649,
    "mean": 0.2708084591768095,
    "median": 0.27122212056173234,
    "min": 0.2537571967031693,
    "std": 0.006745442798446116
  }
}
