{
  "euclidean": {
    "iqr": 0.0,
    "max": 0.7572397714944255,
    "mean": 0.7572397714944255,
    "median": 0.7572397714944255,
    "min": 0.7572397714944255,
    "std": 0.0
  },
  "mae": {
    "iqr": 0.0,
    "max": 0.3786199334309185,
    "mean": 0.3786199334309185,
    "median": 0.3786199334309185,
    "min": 0.3786199334309185,
    "std": 0.0
  },
  "r_squared": {
    "iqr": 0.0,
    "max": 0.49320594209402313,
    "mean": 0.49320594209402313,
    "median": 0.49320594209402313,
    "min": 0.49320594209402313,
    "std": 0.0
  },
  "rmse": {
    "iqr": 0.0,
    "max": 0.5016058320651159,
    "mean": 0.5016058320651159,
    "median": 0.5016058320651159,
    "min": 0.5016058320651159,
    "std": 0.0
  }
}
