{
  "euclidean": {
    "iqr": 0.11878172588832525,
    "max": 1.9809137055837565,
    "mean": 1.6757360406091368,
    "median": 1.6422335025380712,
    "min": 1.5143147208121828,
    "std": 0.1252641147996647
  },
  "mae": {
    "iqr": 0.059390862944162626,
    "max": 0.9904568527918782,
    "mean": 0.8378680203045684,
    "median": 0.8211167512690356,
    "min": 0.7571573604060914,
    "std": 0.06263205739983235
  },
  "r_squared": {
    "iqr": 0.00956220202264646,
    "max": 0.9620026324834604,
    "mean": 0.945569291472481,
    "median": 0.9480189991446684,
    "min": 0.9136074396483638,
    "std": 0.01228621882226196
  },
  "rmse": {
    "iqr": 0.1791281566859324,
    "max": 1.9323523971579382,
    "mean": 1.4804765110379472,
    "median": 1.4374122733895507,
    "min": 1.2599347336250888,
    "std": 0.16472484598322082
  }
}
