{
  "euclidean": {
    "iqr": 0.00577764586500748,
    "max": 0.2609851330006731,
    "mean": 0.24946021202935328,
    "median": 0.24892683516022646,
    "min": 0.2415413999325887,
    "std": 0.005259901118195991
  },
  "mae": {
    "iqr": 0.0036821782178216578,
    "max": 0.15605148514851613,
    "mean": 0.14932653465346654,
    "median": 0.14863762376237755,
    "min": 0.14430099009901054,
    "std": 0.0032699336674602
  },
  "r_squared": {
    "iqr": 0.0006839644239866605,
    "max": 0.9926335283946812,
    "mean": 0.9917315750577697,
    "median": 0.991893074741361,
    "min": 0.9909007799480973,
    "std": 0.0004949210575689847
  },
  "rmse": {
    "iqr": 0.009931726164804588,
    "max": 0.3055428869413468,
    "mean": 0.2911636619253713,
    "median": 0.2900861234461213,
    "min": 0.2739604033966466,
    "std": 0.007782815526875334
  }
}
