{
  "euclidean": {
    "iqr": 0.2329079527971607,
    "max": 3.7187483135986583,
    "mean": 3.4379367513173023,
    "median": 3.400405516567927,
    "min": 3.157232516794889,
    "std": 0.14997028847049665
  },
  "mae": {
    "iqr": 0.11645397639858057,
    "max": 1.8593741567993294,
    "mean": 1.7189683756586511,
    "median": 1.7002027582839636,
    "min": 1.5786162583974448,
    "std": 0.07498514423524834
  },
  "r_squared": {
    "iqr": 0.01137620004172063,
    "max": 0.40233829223945367,
    "mean": 0.38608728901645917,
    "median": 0.3864226891854967,
    "min": 0.36747237142982586,
    "std": 0.009132632788467324
  },
  "rmse": {
    "iqr": 0.1338248274209488,
    "max": 2.3090778467819737,
    "mean": 2.1521056424973315,
    "median": 2.14671060674008,
    "min": 1.9904720930900146,
    "std": 0.09187449144580749
  }
}
