{
  "euclidean": {
    "iqr": 0.07790711503155245,
    "max": 3.943627484354141,
    "mean": 3.824398699076542,
    "median": 3.819113729245874,
    "min": 3.7157819250277866,
    "std": 0.062385228856236395
  },
  "mae": {
    "iqr": 0.047462160906440065,
    "max": 2.3775896385675965,
    "mean": 2.3102178942956155,
    "median": 2.3123213710004196,
    "min": 2.246493563099511,
    "std": 0.03443560213320667
  },
  "r_squared": {
    "iqr": 0.01333075527162575,
    "max": 0.542263543370789,
    "mean": 0.5242306403442958,
    "median": 0.5230035949712648,
    "min": 0.5096801416926142,
    "std": 0.009699771712533526
  },
  "rmse": {
    "iqr": 0.06745404944163669,
    "max": 2.9705763889927166,
    "mean": 2.900453492139201,
    "median": 2.8998858314328224,
    "min": 2.832248417393853,
    "std": 0.04234273222919508
  }
}
