{
  "KNeighborsRegressor": {
    "KFold": {
      "mae": 49.96111455474182,
      "mede": 77.69755744938847,
      "r_squared": 0.5289769285785488,
      "rmse": 69.15190636663428
    }
  },
  "LinearRegression": {
    "KFold": {
      "mae": 68.42146135231587,
      "mede": 107.93684546735224,
      "r_squared": 0.2676258269526351,
      "rmse": 86.86612426384696
    }
  },
  "RandomForestRegressor": {
    "KFold": {
      "mae": 9.234839651293049,
      "mede": 13.699482078917137,
      "r_squared": 0.967911709986959,
      "rmse": 18.014539149924378
    }
  },
  "XGBRegressor": {
    "KFold": {
      "mae": 17.356981519397984,
      "mede": 26.38504871213759,
      "r_squared": 0.9382827086265315,
      "rmse": 24.98269217353583
    }
  }
}
