{
  "Arnold2018DeepModel": {
    "Cutout": {
      "mae": 0.418768048286438,
      "mede": 0.635176420211792,
      "r_squared": -3.2565523212886287,
      "rmse": 0.5158361196517944
    },
    "LongEdge": {
      "mae": 0.7694106101989746,
      "mede": 1.239922046661377,
      "r_squared": -0.14386385433242188,
      "rmse": 0.9526407718658447
    },
    "Random": {
      "mae": 0.6267054080963135,
      "mede": 0.9616143107414246,
      "r_squared": 0.2550548565670501,
      "rmse": 0.7817723751068115
    },
    "ShortEdge": {
      "mae": 1.394309639930725,
      "mede": 2.0320451259613037,
      "r_squared": -17.188633466404347,
      "rmse": 1.5000691413879395
    }
  },
  "Arnold2019SoundingModel": {
    "Cutout": {
      "mae": 0.41763174533843994,
      "mede": 0.6374707221984863,
      "r_squared": -3.3327512515240327,
      "rmse": 0.5205588340759277
    },
    "LongEdge": {
      "mae": 0.6185340881347656,
      "mede": 1.0061986446380615,
      "r_squared": 0.2263528700604363,
      "rmse": 0.7833567261695862
    },
    "Random": {
      "mae": 0.4043734073638916,
      "mede": 0.6273418068885803,
      "r_squared": 0.6694050360310418,
      "rmse": 0.5205427408218384
    },
    "ShortEdge": {
      "mae": 1.0624842643737793,
      "mede": 1.565466284751892,
      "r_squared": -10.071977366570298,
      "rmse": 1.1746174097061157
    }
  },
  "Cerar2021Localization": {
    "Cutout": {
      "mae": 0.3626929521560669,
      "mede": 0.553459644317627,
      "r_squared": -2.2593707512065087,
      "rmse": 0.4515952169895172
    },
    "LongEdge": {
      "mae": 0.6833760142326355,
      "mede": 1.1217447519302368,
      "r_squared": 0.09198005105506524,
      "rmse": 0.8291745185852051
    },
    "Random": {
      "mae": 0.2765665650367737,
      "mede": 0.42941486835479736,
      "r_squared": 0.8359122032833868,
      "rmse": 0.36642831563949585
    },
    "ShortEdge": {
      "mae": 1.1978307962417603,
      "mede": 1.7536287307739258,
      "r_squared": -13.27493616561679,
      "rmse": 1.3291305303573608
    }
  },
  "Pirnat2022Pirnat1G": {
    "Cutout": {
      "mae": 0.41841208934783936,
      "mede": 0.6345490217208862,
      "r_squared": -3.083663163507757,
      "rmse": 0.5065192580223083
    },
    "LongEdge": {
      "mae": 0.5345320701599121,
      "mede": 0.86003577709198,
      "r_squared": 0.4124466400950733,
      "rmse": 0.6828344464302063
    },
    "Random": {
      "mae": 0.11310763657093048,
      "mede": 0.17455123364925385,
      "r_squared": 0.9550036757767347,
      "rmse": 0.19189244508743286
    },
    "ShortEdge": {
      "mae": 0.9394469261169434,
      "mede": 1.3911069631576538,
      "r_squared": -8.245907985655712,
      "rmse": 1.072833776473999
    }
  }
}
