{
  "Arnold2018DeepModel": {
    "Cutout": {
      "mae": 0.4416234791278839,
      "mede": 0.6625072956085205,
      "r_squared": -3.8010873838280177,
      "rmse": 0.5489950180053711
    },
    "LongEdge": {
      "mae": 0.7877262830734253,
      "mede": 1.2817546129226685,
      "r_squared": -0.19813765685445384,
      "rmse": 0.9750152826309204
    },
    "Random": {
      "mae": 0.6315035820007324,
      "mede": 0.967119038105011,
      "r_squared": 0.2469995246974076,
      "rmse": 0.7858659029006958
    },
    "ShortEdge": {
      "mae": 1.2869505882263184,
      "mede": 1.885192632675171,
      "r_squared": -14.516766621494245,
      "rmse": 1.3847811222076416
    }
  },
  "Arnold2019SoundingModel": {
    "Cutout": {
      "mae": 0.41484782099723816,
      "mede": 0.6266087889671326,
      "r_squared": -3.307051136199452,
      "rmse": 0.5203686356544495
    },
    "LongEdge": {
      "mae": 0.6324446797370911,
      "mede": 1.0359251499176025,
      "r_squared": 0.21481727961416086,
      "rmse": 0.7890112400054932
    },
    "Random": {
      "mae": 0.38480693101882935,
      "mede": 0.5984218716621399,
      "r_squared": 0.6985249947974834,
      "rmse": 0.4973410665988922
    },
    "ShortEdge": {
      "mae": 1.072854995727539,
      "mede": 1.584489107131958,
      "r_squared": -10.804402141139743,
      "rmse": 1.2073355913162231
    }
  },
  "Cerar2021Localization": {
    "Cutout": {
      "mae": 0.42889392375946045,
      "mede": 0.6542364358901978,
      "r_squared": -3.4538826191992724,
      "rmse": 0.5250263810157776
    },
    "LongEdge": {
      "mae": 0.5121413469314575,
      "mede": 0.8174178004264832,
      "r_squared": 0.45673017129453336,
      "rmse": 0.656047523021698
    },
    "Random": {
      "mae": 0.27952614426612854,
      "mede": 0.43609580397605896,
      "r_squared": 0.8378670050521242,
      "rmse": 0.3639882504940033
    },
    "ShortEdge": {
      "mae": 1.2176129817962646,
      "mede": 1.774405598640442,
      "r_squared": -13.805525831962985,
      "rmse": 1.3558142185211182
    }
  },
  "Pirnat2022Pirnat1G": {
    "Cutout": {
      "mae": 0.38990235328674316,
      "mede": 0.5936586856842041,
      "r_squared": -2.627084644122175,
      "rmse": 0.4776991009712219
    },
    "LongEdge": {
      "mae": 0.5154032707214355,
      "mede": 0.8281484842300415,
      "r_squared": 0.4296120902051092,
      "rmse": 0.6727175712585449
    },
    "Random": {
      "mae": 0.1104235053062439,
      "mede": 0.17085304856300354,
      "r_squared": 0.9554564649510993,
      "rmse": 0.190944641828537
    },
    "ShortEdge": {
      "mae": 0.9678677320480347,
      "mede": 1.4301323890686035,
      "r_squared": -8.624428861258684,
      "rmse": 1.0958168506622314
    }
  }
}
