{
  "KNeighborsRegressor": {
    "KFold": {
      "euclidean": 0.7305905116204139,
      "mae": 0.44858543069266293,
      "r_squared": 0.8947063810003221,
      "rmse": 1.1219372028610703
    },
    "LeaveOneGroupOut": {
      "euclidean": 3.0990994793646665,
      "mae": 1.9305541841087976,
      "r_squared": 0.41047081328407853,
      "rmse": 2.5432108082775438
    },
    "Random": {
      "euclidean": 0.7268614798150758,
      "mae": 0.44599044594458276,
      "r_squared": 0.8979748493608622,
      "rmse": 1.114357502848801
    }
  },
  "LinearRegression": {
    "KFold": {
      "euclidean": 3.858576198708479,
      "mae": 2.3283873811051574,
      "r_squared": 0.518710721082281,
      "rmse": 2.93053473196761
    },
    "LeaveOneGroupOut": {
      "euclidean": 4.185366461226868,
      "mae": 2.5266050797709054,
      "r_squared": 0.42584116558573665,
      "rmse": 3.2009888210528685
    },
    "Random": {
      "euclidean": 3.837037574762018,
      "mae": 2.3197180920538942,
      "r_squared": 0.5174597532171968,
      "rmse": 2.907763795981448
    }
  },
  "RandomForestRegressor": {
    "KFold": {
      "euclidean": 0.6523108939261207,
      "mae": 0.41307991018359036,
      "r_squared": 0.9459005546767045,
      "rmse": 0.7688332936087866
    },
    "LeaveOneGroupOut": {
      "euclidean": 2.4923492404557908,
      "mae": 1.589098930128121,
      "r_squared": 0.5896138347418165,
      "rmse": 2.00229345080818
    },
    "Random": {
      "euclidean": 0.637778225557192,
      "mae": 0.4049275247524712,
      "r_squared": 0.9461394623001077,
      "rmse": 0.7693810595738972
    }
  },
  "XGBRFRegressor": {
    "KFold": {
      "euclidean": 1.6009777149206028,
      "mae": 1.0007972654670465,
      "r_squared": 0.7811454663878521,
      "rmse": 1.3533212517018796
    },
    "LeaveOneGroupOut": {
      "euclidean": 2.663989713569799,
      "mae": 1.6708052131505737,
      "r_squared": 0.5347567963509363,
      "rmse": 2.124211625414809
    },
    "Random": {
      "euclidean": 1.587152526496587,
      "mae": 0.9908378229446524,
      "r_squared": 0.7789505167602344,
      "rmse": 1.3469143625676872
    }
  },
  "XGBRegressor": {
    "KFold": {
      "euclidean": 0.919724645624943,
      "mae": 0.568613608118598,
      "r_squared": 0.9336703323756461,
      "rmse": 0.8482461067230356
    },
    "LeaveOneGroupOut": {
      "euclidean": 2.418174441954075,
      "mae": 1.5171594474843173,
      "r_squared": 0.6266284946308807,
      "rmse": 1.937712172177965
    },
    "Random": {
      "euclidean": 0.9159198104659853,
      "mae": 0.5653833757833409,
      "r_squared": 0.9338872811696297,
      "rmse": 0.8593726081095628
    }
  }
}
