{
  "KNeighborsRegressor": {
    "KFold": {
      "euclidean": 0.6825080208978477,
      "mae": 0.4178105268743708,
      "r_squared": 0.8952937920219133,
      "rmse": 1.1272109016714573
    },
    "LeaveOneGroupOut": {
      "euclidean": 3.0990994793646665,
      "mae": 1.9305541841087976,
      "r_squared": 0.41047081328407853,
      "rmse": 2.5432108082775438
    },
    "Random": {
      "euclidean": 0.6304943697291192,
      "mae": 0.38618312038016206,
      "r_squared": 0.9004303047679312,
      "rmse": 1.0755157797199322
    }
  },
  "LinearRegression": {
    "KFold": {
      "euclidean": 3.858576198708479,
      "mae": 2.3283873811051574,
      "r_squared": 0.518710721082281,
      "rmse": 2.93053473196761
    },
    "LeaveOneGroupOut": {
      "euclidean": 4.185366461226868,
      "mae": 2.5266050797709054,
      "r_squared": 0.42584116558573665,
      "rmse": 3.2009888210528685
    },
    "Random": {
      "euclidean": 3.840952362175639,
      "mae": 2.3252609261369983,
      "r_squared": 0.5213181970972032,
      "rmse": 2.9067517447718147
    }
  },
  "RandomForestRegressor": {
    "KFold": {
      "euclidean": 0.6430424614125805,
      "mae": 0.4077612600713273,
      "r_squared": 0.9469305848230625,
      "rmse": 0.762787467906213
    },
    "LeaveOneGroupOut": {
      "euclidean": 2.473092644465215,
      "mae": 1.5779476951525635,
      "r_squared": 0.5923794271967161,
      "rmse": 1.9862664911561145
    },
    "Random": {
      "euclidean": 0.6108103134081986,
      "mae": 0.3871341688654376,
      "r_squared": 0.9492895276393065,
      "rmse": 0.7557419898947462
    }
  },
  "XGBRFRegressor": {
    "KFold": {
      "euclidean": 1.6009777149206028,
      "mae": 1.0007972654670465,
      "r_squared": 0.7811454663878521,
      "rmse": 1.3533212517018796
    },
    "LeaveOneGroupOut": {
      "euclidean": 2.663989713569799,
      "mae": 1.6708052131505737,
      "r_squared": 0.5347567963509363,
      "rmse": 2.124211625414809
    },
    "Random": {
      "euclidean": 1.594798282199795,
      "mae": 0.9968753963174195,
      "r_squared": 0.7809172515008305,
      "rmse": 1.360332004640123
    }
  },
  "XGBRegressor": {
    "KFold": {
      "euclidean": 0.919724645624943,
      "mae": 0.568613608118598,
      "r_squared": 0.9336703323756461,
      "rmse": 0.8482461067230356
    },
    "LeaveOneGroupOut": {
      "euclidean": 2.418174441954075,
      "mae": 1.5171594474843173,
      "r_squared": 0.6266284946308807,
      "rmse": 1.937712172177965
    },
    "Random": {
      "euclidean": 0.9323775023258906,
      "mae": 0.5741883515881046,
      "r_squared": 0.9333734975202915,
      "rmse": 0.8759147984627618
    }
  }
}
