{
  "KNeighborsRegressor": {
    "KFold": {
      "euclidean": 1.7872492849920152,
      "mae": 0.8936246424960073,
      "mpe": 0.08444438351340505,
      "r_squared": 0.7223452306019513,
      "rmse": 1.4974022806991472
    },
    "LeaveOneGroupOut": {
      "euclidean": 2.5668249383476183,
      "mae": 1.28341246917381,
      "mpe": 0.10877317120880825,
      "r_squared": 0.6993439899295307,
      "rmse": 1.8067830611159856
    },
    "Random": {
      "euclidean": 1.66560684676513,
      "mae": 0.832803423382565,
      "mpe": 0.07865227193876345,
      "r_squared": 0.7280263114086051,
      "rmse": 1.3006277727128661
    }
  },
  "LinearRegression": {
    "KFold": {
      "euclidean": 3.6102334578435173,
      "mae": 1.805116728921761,
      "mpe": 0.14046372657999331,
      "r_squared": 0.37074977616325977,
      "rmse": 2.297087600563387
    },
    "LeaveOneGroupOut": {
      "euclidean": 3.8467309770199645,
      "mae": 1.9233654885099825,
      "mpe": 0.143754930536913,
      "r_squared": 0.23983926854468535,
      "rmse": 2.4156209457095303
    },
    "Random": {
      "euclidean": 3.585123255503046,
      "mae": 1.7925616277515242,
      "mpe": 0.13811633728456893,
      "r_squared": 0.37612899351310636,
      "rmse": 2.260461391229083
    }
  },
  "RandomForestRegressor": {
    "KFold": {
      "euclidean": 1.1321467889908257,
      "mae": 0.5660733944954146,
      "mpe": 0.06245628356273955,
      "r_squared": -39.52630545685236,
      "rmse": 1.0362984055382434
    },
    "LeaveOneGroupOut": {
      "euclidean": 2.416269113149847,
      "mae": 1.2081345565749242,
      "mpe": 0.1029278416007412,
      "r_squared": -39.56516805893851,
      "rmse": 1.631095157507386
    },
    "Random": {
      "euclidean": 1.0638944162436554,
      "mae": 0.531947208121829,
      "mpe": 0.059935012650441745,
      "r_squared": -39.51831578724669,
      "rmse": 0.8692106834264895
    }
  },
  "XGBRFRegressor": {
    "KFold": {
      "euclidean": 1.3189339132158844,
      "mae": 0.6594703215372777,
      "mpe": 0.0692081857091542,
      "r_squared": -1.7912550646329773e+20,
      "rmse": 1.0777831714147634
    },
    "LeaveOneGroupOut": {
      "euclidean": 2.4895986838939184,
      "mae": 1.2448022204619336,
      "mpe": 0.10651823332889564,
      "r_squared": -1.2524640539116557e+20,
      "rmse": 1.652020511199628
    },
    "Random": {
      "euclidean": 1.2278343501961886,
      "mae": 0.6139186415878035,
      "mpe": 0.06575696963993666,
      "r_squared": -3.5668435895108235e+19,
      "rmse": 0.9383321366206716
    }
  },
  "XGBRegressor": {
    "KFold": {
      "euclidean": 1.2280959366115776,
      "mae": 0.6140481351985835,
      "mpe": 0.06643420323454295,
      "r_squared": -2.8246576877899664e+17,
      "rmse": 1.0234806791906927
    },
    "LeaveOneGroupOut": {
      "euclidean": 2.48451094262835,
      "mae": 1.2422556382071386,
      "mpe": 0.10657027942767683,
      "r_squared": -2.8246576877899664e+17,
      "rmse": 1.6703150323766418
    },
    "Random": {
      "euclidean": 1.17805288010484,
      "mae": 0.5890266069452172,
      "mpe": 0.06398620028926126,
      "r_squared": -2.824657687789966e+17,
      "rmse": 0.9251911218929959
    }
  }
}
