{
  "KNeighborsRegressor": {
    "KFold": {
      "euclidean": 2.395107033639144,
      "mae": 1.197553516819572,
      "mpe": 0.1009303614614606,
      "r_squared": 0.9090352713052853,
      "rmse": 1.9270741238725309
    },
    "LeaveOneGroupOut": {
      "euclidean": 3.120733944954128,
      "mae": 1.560366972477064,
      "mpe": 0.12111062202229235,
      "r_squared": 0.878625243659591,
      "rmse": 2.226004772615374
    },
    "Random": {
      "euclidean": 2.386598984771574,
      "mae": 1.193299492385787,
      "mpe": 0.09668224863513707,
      "r_squared": 0.912284733101284,
      "rmse": 1.9021723088053266
    }
  },
  "LinearRegression": {
    "KFold": {
      "euclidean": 3.6102334578435173,
      "mae": 1.805116728921759,
      "mpe": 0.14046372657999343,
      "r_squared": 0.37074977616325977,
      "rmse": 2.297087600563387
    },
    "LeaveOneGroupOut": {
      "euclidean": 3.8467309770199662,
      "mae": 1.9233654885099833,
      "mpe": 0.14375493053691307,
      "r_squared": 0.2398392685446853,
      "rmse": 2.4156209457095312
    },
    "Random": {
      "euclidean": 3.5851232555030457,
      "mae": 1.792561627751523,
      "mpe": 0.13811633728456904,
      "r_squared": 0.37612899351310636,
      "rmse": 2.2604613912290823
    }
  },
  "RandomForestRegressor": {
    "KFold": {
      "euclidean": 1.1310091743119266,
      "mae": 0.5655045871559655,
      "mpe": 0.06280649782592443,
      "r_squared": -48.22756246812679,
      "rmse": 1.0248530348880613
    },
    "LeaveOneGroupOut": {
      "euclidean": 2.4045749235474005,
      "mae": 1.202287461773705,
      "mpe": 0.10242159910555904,
      "r_squared": -230.03335091286644,
      "rmse": 1.6283805204147068
    },
    "Random": {
      "euclidean": 1.0596670050761425,
      "mae": 0.5298335025380733,
      "mpe": 0.05974618785070178,
      "r_squared": -38.60189995906396,
      "rmse": 0.8651156291367375
    }
  },
  "XGBRFRegressor": {
    "KFold": {
      "euclidean": 1.3326334574536438,
      "mae": 0.6663167764105199,
      "mpe": 0.06939688012698701,
      "r_squared": -2.3058430135086616e+16,
      "rmse": 1.0990756891342914
    },
    "LeaveOneGroupOut": {
      "euclidean": 2.5180699770846835,
      "mae": 1.2590350362260527,
      "mpe": 0.10573236812655247,
      "r_squared": -2.3058430135086616e+16,
      "rmse": 1.6879453840088205
    },
    "Random": {
      "euclidean": 1.2303834651690684,
      "mae": 0.6151917802682382,
      "mpe": 0.0660228007055477,
      "r_squared": -2.305843013508661e+16,
      "rmse": 0.9215416126571077
    }
  },
  "XGBRegressor": {
    "KFold": {
      "euclidean": 1.2294150391443792,
      "mae": 0.6147075672558946,
      "mpe": 0.06912187690470414,
      "r_squared": -2.3058430135086616e+16,
      "rmse": 1.0339163631376955
    },
    "LeaveOneGroupOut": {
      "euclidean": 2.496797333049399,
      "mae": 1.2483987142084112,
      "mpe": 0.10599917711427481,
      "r_squared": -2.3058430135086616e+16,
      "rmse": 1.666131547106867
    },
    "Random": {
      "euclidean": 1.1711448806915947,
      "mae": 0.5855724880295016,
      "mpe": 0.06715820088661714,
      "r_squared": -2.305843013508661e+16,
      "rmse": 0.9150267110141497
    }
  }
}
