{
  "KNeighborsRegressor": {
    "KFold": {
      "euclidean": 1.7872492849920152,
      "mae": 0.8936246424960073,
      "r_squared": 0.7223452306019513,
      "rmse": 1.4974022806991472
    },
    "LeaveOneGroupOut": {
      "euclidean": 2.5668249383476183,
      "mae": 1.28341246917381,
      "r_squared": 0.6993439899295307,
      "rmse": 1.8067830611159856
    },
    "Random": {
      "euclidean": 1.616727564483247,
      "mae": 0.8083637822416245,
      "r_squared": 0.7492756232194936,
      "rmse": 1.2855589802706189
    }
  },
  "LinearRegression": {
    "KFold": {
      "euclidean": 3.6102334578435173,
      "mae": 1.805116728921761,
      "r_squared": 0.37074977616325977,
      "rmse": 2.297087600563387
    },
    "LeaveOneGroupOut": {
      "euclidean": 3.8467309770199645,
      "mae": 1.9233654885099825,
      "r_squared": 0.23983926854468535,
      "rmse": 2.4156209457095303
    },
    "Random": {
      "euclidean": 3.585123255503046,
      "mae": 1.7925616277515242,
      "r_squared": 0.37612899351310636,
      "rmse": 2.260461391229083
    }
  },
  "RandomForestRegressor": {
    "KFold": {
      "euclidean": 1.1321467889908257,
      "mae": 0.5660733944954148,
      "r_squared": -39.52630545685236,
      "rmse": 1.0362984055382434
    },
    "LeaveOneGroupOut": {
      "euclidean": 2.416269113149847,
      "mae": 1.2081345565749244,
      "r_squared": -39.56516805893851,
      "rmse": 1.6310951575073858
    },
    "Random": {
      "euclidean": 1.0638944162436554,
      "mae": 0.5319472081218292,
      "r_squared": -39.51831578724669,
      "rmse": 0.8692106834264894
    }
  },
  "XGBRFRegressor": {
    "KFold": {
      "euclidean": 1.3189339132158844,
      "mae": 0.6594703215372777,
      "r_squared": -1.7912550646329773e+20,
      "rmse": 1.0777831714147634
    },
    "LeaveOneGroupOut": {
      "euclidean": 2.4895986838939184,
      "mae": 1.2448022204619336,
      "r_squared": -1.2524640539116557e+20,
      "rmse": 1.652020511199628
    },
    "Random": {
      "euclidean": 1.2278343501961886,
      "mae": 0.6139186415878035,
      "r_squared": -3.5668435895108235e+19,
      "rmse": 0.9383321366206716
    }
  },
  "XGBRegressor": {
    "KFold": {
      "euclidean": 1.2280959366115776,
      "mae": 0.6140481351985835,
      "r_squared": -2.8246576877899664e+17,
      "rmse": 1.0234806791906927
    },
    "LeaveOneGroupOut": {
      "euclidean": 2.48451094262835,
      "mae": 1.2422556382071386,
      "r_squared": -2.8246576877899664e+17,
      "rmse": 1.6703150323766418
    },
    "Random": {
      "euclidean": 1.17805288010484,
      "mae": 0.5890266069452172,
      "r_squared": -2.824657687789966e+17,
      "rmse": 0.9251911218929959
    }
  }
}
