{
  "KNeighborsRegressor": {
    "KFold": {
      "euclidean": 2.3532721712538227,
      "mae": 1.1766360856269114,
      "r_squared": 0.9092966704031193,
      "rmse": 1.9243032815193282
    },
    "LeaveOneGroupOut": {
      "euclidean": 2.985198776758409,
      "mae": 1.4925993883792046,
      "r_squared": 0.8818857209899348,
      "rmse": 2.1959027735365897
    },
    "Random": {
      "euclidean": 2.2818274111675123,
      "mae": 1.1409137055837562,
      "r_squared": 0.9207841110008513,
      "rmse": 1.807666920489356
    }
  },
  "LinearRegression": {
    "KFold": {
      "euclidean": 3.610233457843517,
      "mae": 1.8051167289217587,
      "r_squared": 0.37074977616325977,
      "rmse": 2.297087600563387
    },
    "LeaveOneGroupOut": {
      "euclidean": 3.8467309770199654,
      "mae": 1.923365488509983,
      "r_squared": 0.2398392685446853,
      "rmse": 2.415620945709531
    },
    "Random": {
      "euclidean": 3.585123255503046,
      "mae": 1.7925616277515233,
      "r_squared": 0.37612899351310636,
      "rmse": 2.260461391229083
    }
  },
  "RandomForestRegressor": {
    "KFold": {
      "euclidean": 1.129565749235474,
      "mae": 0.5647828746177391,
      "r_squared": -46.6108261216313,
      "rmse": 1.0244802844423182
    },
    "LeaveOneGroupOut": {
      "euclidean": 2.404281345565749,
      "mae": 1.2021406727828792,
      "r_squared": -229.37534138092937,
      "rmse": 1.6282865874928745
    },
    "Random": {
      "euclidean": 1.0599228426395944,
      "mae": 0.5299614213197992,
      "r_squared": -38.62882208415273,
      "rmse": 0.8655582817386116
    }
  },
  "XGBRFRegressor": {
    "KFold": {
      "euclidean": 1.3326334574536438,
      "mae": 0.6663167764105199,
      "r_squared": -2.3058430135086616e+16,
      "rmse": 1.0990756891342914
    },
    "LeaveOneGroupOut": {
      "euclidean": 2.5180699770846835,
      "mae": 1.2590350362260527,
      "r_squared": -2.3058430135086616e+16,
      "rmse": 1.6879453840088205
    },
    "Random": {
      "euclidean": 1.2303834651690684,
      "mae": 0.6151917802682382,
      "r_squared": -2.305843013508661e+16,
      "rmse": 0.9215416126571077
    }
  },
  "XGBRegressor": {
    "KFold": {
      "euclidean": 1.2294150391443792,
      "mae": 0.6147075672558946,
      "r_squared": -2.3058430135086616e+16,
      "rmse": 1.0339163631376955
    },
    "LeaveOneGroupOut": {
      "euclidean": 2.496797333049399,
      "mae": 1.2483987142084112,
      "r_squared": -2.3058430135086616e+16,
      "rmse": 1.666131547106867
    },
    "Random": {
      "euclidean": 1.1711448806915947,
      "mae": 0.5855724880295016,
      "r_squared": -2.305843013508661e+16,
      "rmse": 0.9150267110141497
    }
  }
}
