{
  "KNeighborsRegressor": {
    "KFold": {
      "euclidean": 1.0741659179014131,
      "mae": 0.654856690001321,
      "r_squared": 0.8455995435739807,
      "rmse": 1.4622999626370776
    },
    "LeaveOneGroupOut": {
      "euclidean": 3.308245283162954,
      "mae": 2.035451063267732,
      "r_squared": 0.3818708537345368,
      "rmse": 2.7224130309055687
    },
    "Random": {
      "euclidean": 1.0643925440331077,
      "mae": 0.6512792079207922,
      "r_squared": 0.849837155879732,
      "rmse": 1.4390405739183847
    }
  },
  "LinearRegression": {
    "KFold": {
      "euclidean": 3.8585761987084792,
      "mae": 2.3283873811051565,
      "r_squared": 0.5187107210822806,
      "rmse": 2.9305347319676107
    },
    "LeaveOneGroupOut": {
      "euclidean": 4.185366461226868,
      "mae": 2.526605079770907,
      "r_squared": 0.42584116558573704,
      "rmse": 3.2009888210528734
    },
    "Random": {
      "euclidean": 3.837037574762018,
      "mae": 2.3197180920539004,
      "r_squared": 0.517459753217197,
      "rmse": 2.9077637959814453
    }
  },
  "RandomForestRegressor": {
    "KFold": {
      "euclidean": 0.7155199347165094,
      "mae": 0.4307747985735045,
      "r_squared": 0.9354633510746442,
      "rmse": 0.8033468813176186
    },
    "LeaveOneGroupOut": {
      "euclidean": 2.474200180057475,
      "mae": 1.5608455950336806,
      "r_squared": 0.5938846800150879,
      "rmse": 1.9784683982603437
    },
    "Random": {
      "euclidean": 0.7065717345154024,
      "mae": 0.42457742574257445,
      "r_squared": 0.9350932898008394,
      "rmse": 0.8072626164479956
    }
  },
  "XGBRFRegressor": {
    "KFold": {
      "euclidean": 1.5970282336938837,
      "mae": 0.998974512981945,
      "r_squared": 0.7801808709571818,
      "rmse": 1.3537465787727228
    },
    "LeaveOneGroupOut": {
      "euclidean": 2.6652073998844474,
      "mae": 1.6727807495678577,
      "r_squared": 0.5338677442377018,
      "rmse": 2.1285335419935554
    },
    "Random": {
      "euclidean": 1.5888734312481532,
      "mae": 0.9929781516579904,
      "r_squared": 0.7794682632737613,
      "rmse": 1.3483134945485618
    }
  },
  "XGBRegressor": {
    "KFold": {
      "euclidean": 0.9176952032266641,
      "mae": 0.5669073430594834,
      "r_squared": 0.9345359828322428,
      "rmse": 0.8467864102537044
    },
    "LeaveOneGroupOut": {
      "euclidean": 2.434090367375391,
      "mae": 1.5296885106117932,
      "r_squared": 0.6301902259901011,
      "rmse": 1.929665190630981
    },
    "Random": {
      "euclidean": 0.9086929979350968,
      "mae": 0.5623681782812979,
      "r_squared": 0.9331941938032763,
      "rmse": 0.8530112216253272
    }
  }
}
