{
  "KNeighborsRegressor": {
    "KFold": {
      "euclidean": 1.0640562658788717,
      "mae": 0.6481838594637432,
      "mpe": 0.12928271655034748,
      "r_squared": 0.8476273186224152,
      "rmse": 1.4902069700145364
    },
    "LeaveOneGroupOut": {
      "euclidean": 3.4518080261467676,
      "mae": 2.1190912693171313,
      "mpe": 0.3747114292761707,
      "r_squared": 0.3545840221593203,
      "rmse": 2.8944260965519533
    },
    "Random": {
      "euclidean": 1.0398122981028222,
      "mae": 0.63710099009901,
      "mpe": 0.12767366184018572,
      "r_squared": 0.8513345063881832,
      "rmse": 1.4504082664758513
    }
  },
  "LinearRegression": {
    "KFold": {
      "euclidean": 3.8585761987084797,
      "mae": 2.3283873811051565,
      "mpe": 0.37358978722260666,
      "r_squared": 0.5187107210822806,
      "rmse": 2.9305347319676103
    },
    "LeaveOneGroupOut": {
      "euclidean": 4.185366461226868,
      "mae": 2.526605079770907,
      "mpe": 0.3892630643035434,
      "r_squared": 0.4258411655857372,
      "rmse": 3.200988821052872
    },
    "Random": {
      "euclidean": 3.8370375747620202,
      "mae": 2.3197180920539013,
      "mpe": 0.37327913759282705,
      "r_squared": 0.5174597532171968,
      "rmse": 2.9077637959814457
    }
  },
  "RandomForestRegressor": {
    "KFold": {
      "euclidean": 0.7154956638189941,
      "mae": 0.43073675868445416,
      "mpe": 0.18338714858614863,
      "r_squared": 0.935462725016009,
      "rmse": 0.8035973934747511
    },
    "LeaveOneGroupOut": {
      "euclidean": 2.4742962305491454,
      "mae": 1.5608971073834363,
      "mpe": 0.32617861694887096,
      "r_squared": 0.5938408408429467,
      "rmse": 1.97867411604342
    },
    "Random": {
      "euclidean": 0.7067882219634051,
      "mae": 0.4247334653465349,
      "mpe": 0.1865510034956034,
      "r_squared": 0.9351043623185865,
      "rmse": 0.8074607377005885
    }
  },
  "XGBRFRegressor": {
    "KFold": {
      "euclidean": 1.5970282336938837,
      "mae": 0.998974512981945,
      "mpe": 0.26358618173146847,
      "r_squared": 0.7801808709571818,
      "rmse": 1.3537465787727228
    },
    "LeaveOneGroupOut": {
      "euclidean": 2.6652073998844474,
      "mae": 1.6727807495678577,
      "mpe": 0.33274969024952306,
      "r_squared": 0.5338677442377018,
      "rmse": 2.1285335419935554
    },
    "Random": {
      "euclidean": 1.5888734312481532,
      "mae": 0.9929781516579904,
      "mpe": 0.262901989671663,
      "r_squared": 0.7794682632737613,
      "rmse": 1.3483134945485618
    }
  },
  "XGBRegressor": {
    "KFold": {
      "euclidean": 0.9176952032266641,
      "mae": 0.5669073430594834,
      "mpe": 0.22151062307233682,
      "r_squared": 0.9345359828322428,
      "rmse": 0.8467864102537044
    },
    "LeaveOneGroupOut": {
      "euclidean": 2.434090367375391,
      "mae": 1.5296885106117932,
      "mpe": 0.3254251310712116,
      "r_squared": 0.6301902259901011,
      "rmse": 1.929665190630981
    },
    "Random": {
      "euclidean": 0.9086929979350968,
      "mae": 0.5623681782812979,
      "mpe": 0.22276515036814604,
      "r_squared": 0.9331941938032763,
      "rmse": 0.8530112216253272
    }
  }
}
