{
  "KNeighborsRegressor": {
    "KFold": {
      "euclidean": 0.7776605550542396,
      "mae": 0.47810816960708535,
      "mpe": 0.10817168937828099,
      "r_squared": 0.8911104461653383,
      "rmse": 1.1349912689795343
    },
    "LeaveOneGroupOut": {
      "euclidean": 3.0650383447895098,
      "mae": 1.9137850853543164,
      "mpe": 0.359860129215747,
      "r_squared": 0.42111281692386304,
      "rmse": 2.5097959316490512
    },
    "Random": {
      "euclidean": 0.7801969249977365,
      "mae": 0.4796525336701736,
      "mpe": 0.10814719175296686,
      "r_squared": 0.8949122532123859,
      "rmse": 1.1371278716899458
    }
  },
  "LinearRegression": {
    "KFold": {
      "euclidean": 3.858576198708479,
      "mae": 2.3283873811051574,
      "mpe": 0.3735897872226068,
      "r_squared": 0.518710721082281,
      "rmse": 2.93053473196761
    },
    "LeaveOneGroupOut": {
      "euclidean": 4.185366461226868,
      "mae": 2.5266050797709054,
      "mpe": 0.38926306430354357,
      "r_squared": 0.42584116558573665,
      "rmse": 3.2009888210528685
    },
    "Random": {
      "euclidean": 3.837037574762018,
      "mae": 2.3197180920538942,
      "mpe": 0.37327913759282716,
      "r_squared": 0.5174597532171968,
      "rmse": 2.907763795981448
    }
  },
  "RandomForestRegressor": {
    "KFold": {
      "euclidean": 0.6523108939261208,
      "mae": 0.41307991018359025,
      "mpe": 0.1837321257141358,
      "r_squared": 0.9459005546767045,
      "rmse": 0.7688332936087867
    },
    "LeaveOneGroupOut": {
      "euclidean": 2.4923492404557908,
      "mae": 1.5890989301281206,
      "mpe": 0.32820883185960875,
      "r_squared": 0.5896138347418165,
      "rmse": 2.00229345080818
    },
    "Random": {
      "euclidean": 0.637778225557192,
      "mae": 0.40492752475247107,
      "mpe": 0.18365204263073073,
      "r_squared": 0.9461394623001077,
      "rmse": 0.7693810595738972
    }
  },
  "XGBRFRegressor": {
    "KFold": {
      "euclidean": 1.6009777149206028,
      "mae": 1.0007972654670465,
      "mpe": 0.26329691764551894,
      "r_squared": 0.7811454663878521,
      "rmse": 1.3533212517018796
    },
    "LeaveOneGroupOut": {
      "euclidean": 2.663989713569799,
      "mae": 1.6708052131505737,
      "mpe": 0.33243104809692114,
      "r_squared": 0.5347567963509363,
      "rmse": 2.124211625414809
    },
    "Random": {
      "euclidean": 1.587152526496587,
      "mae": 0.9908378229446524,
      "mpe": 0.2625081988046798,
      "r_squared": 0.7789505167602344,
      "rmse": 1.3469143625676872
    }
  },
  "XGBRegressor": {
    "KFold": {
      "euclidean": 0.919724645624943,
      "mae": 0.568613608118598,
      "mpe": 0.22134107734298714,
      "r_squared": 0.9336703323756461,
      "rmse": 0.8482461067230356
    },
    "LeaveOneGroupOut": {
      "euclidean": 2.418174441954075,
      "mae": 1.5171594474843173,
      "mpe": 0.32261527872189866,
      "r_squared": 0.6266284946308807,
      "rmse": 1.937712172177965
    },
    "Random": {
      "euclidean": 0.9159198104659853,
      "mae": 0.5653833757833409,
      "mpe": 0.22239271164084334,
      "r_squared": 0.9338872811696297,
      "rmse": 0.8593726081095628
    }
  }
}
