{
  "KNeighborsRegressor": {
    "KFold": {
      "euclidean": 1.7872492849920152,
      "mae": 0.8936246424960073,
      "r_squared": 0.7223452306019513,
      "rmse": 1.4974022806991472
    },
    "LeaveOneGroupOut": {
      "euclidean": 2.5668249383476183,
      "mae": 1.28341246917381,
      "r_squared": 0.6993439899295307,
      "rmse": 1.8067830611159856
    },
    "Random": {
      "euclidean": 1.7250574482519547,
      "mae": 0.8625287241259771,
      "r_squared": 0.4552700988170804,
      "rmse": 1.3699733186172436
    }
  },
  "LinearRegression": {
    "KFold": {
      "euclidean": 3.6102334578435173,
      "mae": 1.805116728921761,
      "r_squared": 0.37074977616325977,
      "rmse": 2.297087600563387
    },
    "LeaveOneGroupOut": {
      "euclidean": 3.8467309770199645,
      "mae": 1.9233654885099825,
      "r_squared": 0.23983926854468535,
      "rmse": 2.4156209457095303
    },
    "Random": {
      "euclidean": 3.705057717215031,
      "mae": 1.8525288586075155,
      "r_squared": 0.3691034506512202,
      "rmse": 2.343566269211625
    }
  },
  "RandomForestRegressor": {
    "KFold": {
      "euclidean": 1.1433394495412845,
      "mae": 0.5716697247706469,
      "r_squared": -11.525287166239552,
      "rmse": 1.0160427643965453
    },
    "LeaveOneGroupOut": {
      "euclidean": 2.399452599388377,
      "mae": 1.1997262996941946,
      "r_squared": -611.5639530855613,
      "rmse": 1.6158188007289092
    },
    "Random": {
      "euclidean": 1.0953030303030264,
      "mae": 0.5476515151515206,
      "r_squared": 0.4822409500519024,
      "rmse": 0.8632230013154268
    }
  },
  "XGBRFRegressor": {
    "KFold": {
      "euclidean": 1.3189339132158844,
      "mae": 0.6594703215372777,
      "r_squared": -1.7912550646329773e+20,
      "rmse": 1.0777831714147634
    },
    "LeaveOneGroupOut": {
      "euclidean": 2.4895986838939184,
      "mae": 1.2448022204619336,
      "r_squared": -1.2524640539116557e+20,
      "rmse": 1.652020511199628
    },
    "Random": {
      "euclidean": 1.323199555422513,
      "mae": 0.6616022885447802,
      "r_squared": 0.4769963524115794,
      "rmse": 0.9824554047936255
    }
  },
  "XGBRegressor": {
    "KFold": {
      "euclidean": 1.2280959366115776,
      "mae": 0.6140481351985835,
      "r_squared": -2.8246576877899664e+17,
      "rmse": 1.0234806791906927
    },
    "LeaveOneGroupOut": {
      "euclidean": 2.48451094262835,
      "mae": 1.2422556382071386,
      "r_squared": -2.8246576877899664e+17,
      "rmse": 1.6703150323766418
    },
    "Random": {
      "euclidean": 1.3046105525877896,
      "mae": 0.6523054431868021,
      "r_squared": 0.47534276046542906,
      "rmse": 1.0171510177132477
    }
  }
}
