{
  "euclidean": {
    "iqr": 0.05388958341938732,
    "max": 3.9335150868300195,
    "mean": 3.816654464049617,
    "median": 3.8077093949528313,
    "min": 3.7157819250277866,
    "std": 0.07125802996827954
  },
  "mae": {
    "iqr": 0.0320542787500262,
    "max": 2.3735717367189073,
    "mean": 2.3080993959642564,
    "median": 2.3141617713956224,
    "min": 2.246493563099511,
    "std": 0.041669384919431715
  },
  "r_squared": {
    "iqr": 0.019172721417664795,
    "max": 0.5404583952899293,
    "mean": 0.521765935401971,
    "median": 0.5171652533343816,
    "min": 0.5096801416926142,
    "std": 0.011852842284799074
  },
  "rmse": {
    "iqr": 0.05101447671224202,
    "max": 2.957322705835072,
    "mean": 2.891715534373296,
    "median": 2.9002691061823316,
    "min": 2.832248417393853,
    "std": 0.043180996476832524
  }
}
