{
  "Arnold2018DeepModel": {
    "Cutout": {
      "euclidean": 0.5370991230010986,
      "mae": 0.34688109159469604,
      "mpe": 0.21817651391029358,
      "r_squared": -1.8796266271485023,
      "rmse": 0.4229181110858917
    },
    "LongEdge": {
      "euclidean": 1.39060640335083,
      "mae": 0.8566670417785645,
      "mpe": 0.5486752390861511,
      "r_squared": -0.3939059625891277,
      "rmse": 1.0515637397766113
    },
    "Random": {
      "euclidean": 1.1102497577667236,
      "mae": 0.7301301956176758,
      "mpe": 0.505310595035553,
      "r_squared": 0.04275476321086519,
      "rmse": 0.885026216506958
    },
    "ShortEdge": {
      "euclidean": 2.118253469467163,
      "mae": 1.4425311088562012,
      "mpe": 0.9647396206855774,
      "r_squared": -17.668797531149966,
      "rmse": 1.5044944286346436
    }
  },
  "Arnold2019SoundingModel": {
    "Cutout": {
      "euclidean": 0.46289002895355225,
      "mae": 0.29714667797088623,
      "mpe": 0.22073732316493988,
      "r_squared": -1.0626064432175608,
      "rmse": 0.3539922833442688
    },
    "LongEdge": {
      "euclidean": 1.1252144575119019,
      "mae": 0.6878869533538818,
      "mpe": 0.48557907342910767,
      "r_squared": 0.06269655478387076,
      "rmse": 0.8615080118179321
    },
    "Random": {
      "euclidean": 0.6115756034851074,
      "mae": 0.3937605321407318,
      "mpe": 0.31297567486763,
      "r_squared": 0.6835158485658847,
      "rmse": 0.5094459652900696
    },
    "ShortEdge": {
      "euclidean": 1.6507022380828857,
      "mae": 1.1180447340011597,
      "mpe": 0.7254239320755005,
      "r_squared": -11.450481526058514,
      "rmse": 1.2361977100372314
    }
  }
}
