{
  "Arnold2018DeepModel": {
    "Random": {
      "mae": 0.6311416625976562,
      "mede": 0.9682886004447937,
      "r_squared": 0.24065749299797506,
      "rmse": 0.7891346216201782
    }
  },
  "Arnold2019SoundingModel": {
    "Random": {
      "mae": 0.3872515559196472,
      "mede": 0.6025355458259583,
      "r_squared": 0.6959424784161652,
      "rmse": 0.4993892312049866
    }
  },
  "AutoML": {
    "Random": {
      "mae": 1.1842796802520752,
      "mede": 1.9570549726486206,
      "r_squared": -3.308286427118774,
      "rmse": 1.6319255828857422
    }
  },
  "Cerar2021Localization": {
    "Random": {
      "mae": 0.27656668424606323,
      "mede": 0.4294150173664093,
      "r_squared": 0.8359120665733151,
      "rmse": 0.3664284348487854
    }
  },
  "Pirnat2022Pirnat1G": {
    "Random": {
      "mae": 0.11310765892267227,
      "mede": 0.17455126345157623,
      "r_squared": 0.9550036757391789,
      "rmse": 0.19189245998859406
    }
  }
}
