{
  "Arnold2018DeepModel": {
    "Random": {
      "mae": 0.619346022605896,
      "mede": 0.9494291543960571,
      "r_squared": 0.2747226794952593,
      "rmse": 0.7714439034461975
    }
  },
  "Arnold2019SoundingModel": {
    "Random": {
      "mae": 0.3871622085571289,
      "mede": 0.6019278764724731,
      "r_squared": 0.6942695109016757,
      "rmse": 0.5008615255355835
    }
  },
  "AutoML": {
    "Random": {
      "mae": 0.48216700553894043,
      "mede": 0.7377194762229919,
      "r_squared": 0.5458483047254588,
      "rmse": 0.6102477312088013
    }
  },
  "Cerar2021Localization": {
    "Random": {
      "mae": 0.2765665650367737,
      "mede": 0.42941486835479736,
      "r_squared": 0.8359122032833868,
      "rmse": 0.36642831563949585
    }
  },
  "Pirnat2022Pirnat1G": {
    "Random": {
      "mae": 0.11310766637325287,
      "mede": 0.17455126345157623,
      "r_squared": 0.9550036818501741,
      "rmse": 0.19189245998859406
    }
  }
}
