{
  "RandomForestRegressor": {
    "LongEdge": {
      "euclidean": 1.2785218857387946,
      "mae": 0.7902099946750565,
      "mpe": 0.5187144524097812,
      "r_squared": -0.19514806658911976,
      "rmse": 0.9738307173357793
    }
  },
  "arnold2019localization": {
    "Cutout": {
      "euclidean": 0.8412982897060929,
      "mae": 0.551859019007048,
      "mpe": 0.33682863848591704,
      "r_squared": -6.118874975174582,
      "rmse": 0.6618203232004136
    },
    "LongEdge": {
      "euclidean": 0.8744587666789957,
      "mae": 0.5480990813767634,
      "mpe": 0.3734665645232059,
      "r_squared": 0.33846948608166627,
      "rmse": 0.7244317547573622
    },
    "Random": {
      "euclidean": 0.8484205403700872,
      "mae": 0.5469842229696468,
      "mpe": 0.3960712395677704,
      "r_squared": 0.39776317761328855,
      "rmse": 0.7017312756004073
    },
    "ShortEdge": {
      "euclidean": 1.461651603646632,
      "mae": 0.983644646119483,
      "mpe": 0.5729755261687048,
      "r_squared": -9.921047946347866,
      "rmse": 1.1659237901419006
    }
  }
}
