{
  "Arnold2018DeepModel": {
    "Random": {
      "euclidean": 0.9390143752098083,
      "mae": 0.6125787496566772,
      "r_squared": 0.28555207721194165,
      "rmse": 0.7656264305114746
    }
  },
  "Arnold2019SoundingModel": {
    "Random": {
      "euclidean": 0.594846248626709,
      "mae": 0.3821994662284851,
      "r_squared": 0.700229491254471,
      "rmse": 0.49573463201522827
    }
  },
  "AutoML": {
    "Random": {
      "euclidean": 1.0223891735076904,
      "mae": 0.6698042154312134,
      "r_squared": 0.16212918012747085,
      "rmse": 0.8286019563674927
    }
  }
}
