{
  "arnold2018deep": {
    "Cutout": {
      "euclidean": 0.8935208514321618,
      "mae": 0.5894200749781082,
      "mpe": 0.39175904855832977,
      "r_squared": -6.815724363153218,
      "rmse": 0.7002753955876669
    },
    "LongEdge": {
      "euclidean": 1.2099824523245524,
      "mae": 0.7501524613079904,
      "mpe": 0.48636295002726193,
      "r_squared": -0.10550441864321203,
      "rmse": 0.9363701121128747
    },
    "Random": {
      "euclidean": 0.9257100359086787,
      "mae": 0.6037784272928086,
      "mpe": 0.4310137428401119,
      "r_squared": 0.28705619052161324,
      "rmse": 0.765032260226373
    },
    "ShortEdge": {
      "euclidean": 1.7023947396241037,
      "mae": 1.1418356299123893,
      "mpe": 0.712684563075732,
      "r_squared": -12.613551018356532,
      "rmse": 1.296191474643638
    }
  },
  "arnold2019sounding": {
    "Cutout": {
      "euclidean": 0.7274638754702055,
      "mae": 0.4809445501263222,
      "mpe": 0.311016930660047,
      "r_squared": -4.411049657705329,
      "rmse": 0.5830379714048382
    },
    "LongEdge": {
      "euclidean": 0.8757729902268833,
      "mae": 0.5488281648988667,
      "mpe": 0.37348903994744564,
      "r_squared": 0.33718012356524085,
      "rmse": 0.7251623223623478
    },
    "Random": {
      "euclidean": 0.38479049295018153,
      "mae": 0.24893247992583178,
      "mpe": 0.21344839500069018,
      "r_squared": 0.8269697195351053,
      "rmse": 0.37645092964602955
    },
    "ShortEdge": {
      "euclidean": 1.4663152495344012,
      "mae": 0.9869709237646638,
      "mpe": 0.5739509067856663,
      "r_squared": -9.977323831162765,
      "rmse": 1.1690522587416312
    }
  }
}
