{
  "Arnold2018DeepModel": {
    "Random": {
      "mae": 0.6268294453620911,
      "mede": 0.9614891409873962,
      "r_squared": 0.25524852865462283,
      "rmse": 0.7815585136413574
    }
  },
  "Arnold2019SoundingModel": {
    "Random": {
      "mae": 0.3917768895626068,
      "mede": 0.6091151237487793,
      "r_squared": 0.6899582634999845,
      "rmse": 0.5044277310371399
    }
  },
  "AutoML": {
    "Random": {
      "mae": 1.1965059041976929,
      "mede": 1.9777662754058838,
      "r_squared": -3.348791509790984,
      "rmse": 1.6410728693008423
    }
  },
  "Pirnat2022Pirnat1G": {
    "Random": {
      "mae": 0.11310763657093048,
      "mede": 0.17455123364925385,
      "r_squared": 0.9550036757767347,
      "rmse": 0.19189244508743286
    }
  }
}
