{
  "RandomForestRegressor": {
    "Random": {
      "mae": 57.554931640625,
      "mede": 90.1527328491211,
      "r_squared": 0.7464693325341836,
      "rmse": 97.1568832397461
    }
  }
}
