{
  "XGBRegressor": {
    "Random": {
      "mae": 59.7071418762207,
      "mede": 94.06748962402344,
      "r_squared": 0.7438756103044539,
      "rmse": 97.64462280273438
    }
  }
}